osm_id,full_osm_id,name,highway,surface,oneway,bridge,centroid_lat,centroid_lng,road_length,geometry,dist_to_water_m,dist_to_drain_m,flood_count,is_flooded,highway_score,avg_rainfall_mm,risk_label
4748353,way/4748353,,primary_link,,1,0,13.069439233333334,80.206101625,464.2,"{'type': 'LineString', 'coordinates': [[80.2048432, 13.0701184], [80.2049474, 13.0701153], [80.2050625, 13.0701118], [80.2051197, 13.0700773], [80.2052013, 13.070028], [80.2053216, 13.0699554], [80.2054704, 13.0698656], [80.2061552, 13.0694522], [80.207254, 13.0687656], [80.2073552, 13.0687005], [80.2081794, 13.0681699], [80.2083096, 13.0679108]]}",517.92,1750.91,0,0,2,0.161,0
23306322,way/23306322,,residential,,0,0,13.0759099,80.2156566,147.29,"{'type': 'LineString', 'coordinates': [[80.2163294, 13.0757169], [80.2158561, 13.0758302], [80.215381, 13.0759938], [80.2150599, 13.0760987]]}",95.57,2492.79,1,1,4,0.161,1
23306323,way/23306323,,residential,,0,0,13.076346775000001,80.215926725,119.34,"{'type': 'LineString', 'coordinates': [[80.2164055, 13.07624], [80.2161382, 13.0762883], [80.2158011, 13.0763642], [80.2153621, 13.0764946]]}",73.87,2516.89,0,0,4,0.161,1
23306324,way/23306324,,residential,,0,0,13.076134283333333,80.215781,142.72,"{'type': 'LineString', 'coordinates': [[80.2163646, 13.075999], [80.2161438, 13.0760401], [80.2158993, 13.0760701], [80.2156418, 13.0761345], [80.2154857, 13.076186], [80.2151508, 13.076376]]}",83.49,2503.46,1,1,4,0.161,1
24240271,way/24240271,MTC Busway,primary,,0,0,13.069851100000001,80.20497505,31.61,"{'type': 'LineString', 'coordinates': [[80.2050526, 13.0699705], [80.2048975, 13.0697317]]}",408.62,1623.46,0,0,2,0.161,0
26550630,way/26550630,Water Tank Road,residential,,0,0,13.068714400000001,80.21362657142858,216.26,"{'type': 'LineString', 'coordinates': [[80.2144031, 13.0687767], [80.2142682, 13.0687811], [80.2138717, 13.068757], [80.2138146, 13.0687541], [80.2134442, 13.0687679], [80.2127815, 13.0687442], [80.2128027, 13.0684198]]}",837.96,2509.01,1,1,4,0.161,1
26550648,way/26550648,MMDA Colony Main Road,tertiary,,0,0,13.071084791666665,80.21551828333334,434.35,"{'type': 'LineString', 'coordinates': [[80.215652, 13.0727055], [80.2156145, 13.0724456], [80.2155956, 13.072193], [80.2155906, 13.0719921], [80.2155986, 13.0717764], [80.2156061, 13.0715728], [80.2155806, 13.0713541], [80.2154406, 13.0701542], [80.2154291, 13.070061], [80.2154235, 13.0700157], [80.215413, 13.0699311], [80.2152752, 13.068816]]}",579.41,2600.95,1,1,3,0.161,1
27616544,way/27616544,Jai Nagar 1st Main Road,residential,,0,0,13.07158111111111,80.20825584444444,283.04,"{'type': 'LineString', 'coordinates': [[80.2079081, 13.0702921], [80.2080712, 13.0707967], [80.2081634, 13.0711054], [80.2081967, 13.071217], [80.2083009, 13.0715573], [80.2083539, 13.071964], [80.2084056, 13.072248], [80.2084136, 13.072282], [80.2084892, 13.0727675]]}",732.85,1833.65,0,0,4,0.161,0
27616847,way/27616847,,residential,,0,0,13.073590814285714,80.20956482857143,257.66,"{'type': 'LineString', 'coordinates': [[80.2107281, 13.0734947], [80.2102417, 13.0735078], [80.209947, 13.0734995], [80.2093842, 13.0735646], [80.2092808, 13.0735876], [80.2089321, 13.0736814], [80.2084399, 13.0738001]]}",522.5,1886.01,0,0,4,0.161,0
27617663,way/27617663,,residential,,0,0,13.075709400000001,80.2073034,96.54,"{'type': 'LineString', 'coordinates': [[80.2068694, 13.0757366], [80.2077374, 13.0756822]]}",267.88,1582.17,0,0,4,0.161,0
27617665,way/27617665,,residential,,0,0,13.069949442857142,80.21008821428572,176.43,"{'type': 'LineString', 'coordinates': [[80.2103036, 13.069334], [80.2100018, 13.0693607], [80.2100219, 13.0696229], [80.210044, 13.0700513], [80.2100526, 13.0701435], [80.2100851, 13.0704916], [80.2101085, 13.0706421]]}",830.46,2096.9,0,0,4,0.161,0
27617801,way/27617801,Jai Nagar 2nd Main Road,residential,,0,0,13.07104755,80.206578975,109.53,"{'type': 'LineString', 'coordinates': [[80.2064988, 13.0704978], [80.206563, 13.0709697], [80.2066087, 13.0712492], [80.2066454, 13.0714735]]}",624.45,1697.14,0,0,4,0.161,0
27618507,way/27618507,Ashok Nagar Street,residential,,0,0,13.06781621875,80.212518,673.09,"{'type': 'LineString', 'coordinates': [[80.2123737, 13.0642271], [80.2123601, 13.0652604], [80.2123602, 13.0663666], [80.2124914, 13.0666929], [80.2126705, 13.0670472], [80.212624, 13.0674392], [80.2126029, 13.0676167], [80.2125062, 13.0680455], [80.2124945, 13.0680974], [80.2124717, 13.0684226], [80.212488, 13.0685427], [80.2125006, 13.0688116], [80.2124973, 13.0689239], [80.2125159, 13.0692992], [80.2126523, 13.0700774], [80.2126787, 13.0701891]]}",957.99,2447.38,0,0,4,0.161,0
27618731,way/27618731,,residential,,0,0,13.068790322222222,80.21087023333332,391.27,"{'type': 'LineString', 'coordinates': [[80.2093715, 13.0691025], [80.2097599, 13.069065], [80.2098266, 13.0690585], [80.2102134, 13.068953], [80.2104749, 13.0689093], [80.2108393, 13.0687517], [80.2120721, 13.0684305], [80.2124717, 13.0684226], [80.2128027, 13.0684198]]}",911.84,2234.93,0,0,4,0.161,0
27646271,way/27646271,Gandhi Road,residential,,0,0,13.0732938875,80.2087663125,382.68,"{'type': 'LineString', 'coordinates': [[80.2072904, 13.0736857], [80.2075633, 13.0735911], [80.2079131, 13.0734934], [80.2083409, 13.0733767], [80.2089283, 13.0732445], [80.2092493, 13.0731723], [80.2102118, 13.0729354], [80.2106334, 13.072852]]}",565.46,1812.57,0,0,4,0.161,0
27695446,way/27695446,,residential,,0,0,13.068936011764706,80.21739183529411,469.97,"{'type': 'LineString', 'coordinates': [[80.2152752, 13.068816], [80.2155157, 13.0688024], [80.2157946, 13.0687907], [80.2163748, 13.0687844], [80.2165707, 13.0687863], [80.2169516, 13.0687844], [80.2173543, 13.0687663], [80.2174976, 13.0687785], [80.2176537, 13.0688108], [80.2177589, 13.0688637], [80.2178349, 13.0689255], [80.2178737, 13.0690667], [80.2179017, 13.0691374], [80.2183204, 13.0692102], [80.2186848, 13.0692103], [80.2189937, 13.0692107], [80.2193049, 13.0691679]]}",680.29,2879.91,0,0,4,0.161,0
28682318,way/28682318,,service,,1,0,13.068316455555555,80.20603257777778,288.12,"{'type': 'LineString', 'coordinates': [[80.2063289, 13.0682779], [80.2062687, 13.0681696], [80.2063884, 13.0677873], [80.2063114, 13.0676891], [80.2059997, 13.0676891], [80.2057282, 13.0679363], [80.205711, 13.068973], [80.2057687, 13.0691354], [80.2057882, 13.0691904]]}",502.97,1821.46,0,0,5,0.161,0
30076436,way/30076436,,residential,,0,0,13.073303616666665,80.21469765,395.2,"{'type': 'LineString', 'coordinates': [[80.2141947, 13.0718295], [80.214324, 13.0721969], [80.2145056, 13.0727051], [80.2147826, 13.0735065], [80.2150591, 13.0743768], [80.2153199, 13.0752069]]}",323.13,2442.58,1,1,4,0.161,1
30369877,way/30369877,,residential,,0,0,13.070620075,80.2058207,162.13,"{'type': 'LineString', 'coordinates': [[80.2050632, 13.0707662], [80.2057339, 13.07063], [80.2059869, 13.0705863], [80.2064988, 13.0704978]]}",528.06,1650.56,0,0,4,0.161,0
31957158,way/31957158,MTC Busway,service,,1,0,13.068813261538462,80.20487497692308,222.48,"{'type': 'LineString', 'coordinates': [[80.2051432, 13.0679477], [80.2050817, 13.0679469], [80.2050001, 13.068057], [80.2050041, 13.0683793], [80.204873, 13.0685147], [80.2047553, 13.0686363], [80.2047558, 13.0688372], [80.2047561, 13.0689612], [80.2047567, 13.0692363], [80.2047667, 13.0693214], [80.2047772, 13.0694102], [80.2048073, 13.0695925], [80.2048975, 13.0697317]]}",374.15,1687.74,0,0,5,0.161,0
31957162,way/31957162,,residential,,0,0,13.069584575,80.208815725,85.27,"{'type': 'LineString', 'coordinates': [[80.2087766, 13.0693138], [80.2087769, 13.0693159], [80.2088167, 13.0696356], [80.2088927, 13.070073]]}",818.11,1993.49,0,0,4,0.161,0
31957163,way/31957163,,residential,,0,0,13.07018255,80.2084004,111.96,"{'type': 'LineString', 'coordinates': [[80.2079081, 13.0702921], [80.2088927, 13.070073]]}",784.53,1920.23,0,0,4,0.161,0
31957164,way/31957164,6th Street,residential,,0,0,13.0697726,80.20831050000001,116.42,"{'type': 'LineString', 'coordinates': [[80.2078043, 13.0699096], [80.2088167, 13.0696356]]}",765.81,1934.66,1,1,4,0.161,1
31957165,way/31957165,,residential,,0,0,13.07071285,80.20841145,77.8,"{'type': 'LineString', 'coordinates': [[80.2080712, 13.0707967], [80.2087517, 13.070629]]}",800.89,1892.79,0,0,4,0.161,0
31957167,way/31957167,14th street,residential,,0,0,13.07145175,80.20863048333334,317.88,"{'type': 'LineString', 'coordinates': [[80.2066901, 13.0718588], [80.2083009, 13.0715573], [80.2089463, 13.0713973], [80.2091012, 13.071355], [80.2092599, 13.0712869], [80.2094845, 13.0712552]]}",762.1,1877.34,0,0,4,0.161,0
33876009,way/33876009,,residential,,0,0,13.073848250000001,80.21541755,90.28,"{'type': 'LineString', 'coordinates': [[80.2153419, 13.0734487], [80.2154932, 13.0742478]]}",280.14,2506.2,0,0,4,0.161,0
33876011,way/33876011,,residential,,0,0,13.07191195,80.21287855,135.85,"{'type': 'LineString', 'coordinates': [[80.2121877, 13.0720324], [80.2126172, 13.0719587], [80.213316, 13.0718352], [80.2133933, 13.0718215]]}",510.37,2294.05,0,0,4,0.161,0
33876012,way/33876012,,residential,,0,0,13.071037566666666,80.21261481666666,187.47,"{'type': 'LineString', 'coordinates': [[80.2126172, 13.0719587], [80.2125664, 13.071536], [80.2124428, 13.0707515], [80.2124363, 13.0706967], [80.2127804, 13.070642], [80.2128458, 13.0706405]]}",611.71,2300.86,0,0,4,0.161,0
33876014,way/33876014,,residential,,0,0,13.069489125,80.21179889999999,213.11,"{'type': 'LineString', 'coordinates': [[80.2114356, 13.0689924], [80.2119364, 13.0689425], [80.2119008, 13.0696637], [80.2119228, 13.0703579]]}",803.32,2289.1,0,0,4,0.161,0
33876015,way/33876015,,residential,,0,0,13.071433400000002,80.21083423333333,168.04,"{'type': 'LineString', 'coordinates': [[80.2116422, 13.0713173], [80.2107119, 13.0714292], [80.2101486, 13.0715537]]}",646.12,2101.35,0,0,4,0.161,0
33876017,way/33876017,,residential,,0,0,13.0726755875,80.2090371875,331.43,"{'type': 'LineString', 'coordinates': [[80.2083539, 13.071964], [80.2089701, 13.0718524], [80.2090032, 13.0718509], [80.2090531, 13.0721634], [80.2091293, 13.072662], [80.2092493, 13.0731723], [80.2092808, 13.0735876], [80.2092578, 13.0741521]]}",634.48,1864.7,0,0,4,0.161,0
33876021,way/33876021,,residential,,0,0,13.071936899999999,80.2121676,166.53,"{'type': 'LineString', 'coordinates': [[80.2122329, 13.0726353], [80.2121877, 13.0720324], [80.2120822, 13.071143]]}",534.05,2218.81,0,0,4,0.161,0
33876022,way/33876022,,residential,,0,0,13.071494139999999,80.21164716000001,140.95,"{'type': 'LineString', 'coordinates': [[80.2116953, 13.072158], [80.2116791, 13.0719016], [80.2116422, 13.0713173], [80.2116282, 13.0712009], [80.211591, 13.0708929]]}",602.44,2182.31,0,0,4,0.161,0
33876023,way/33876023,,residential,,0,0,13.070307766666666,80.21054773333334,289.22,"{'type': 'LineString', 'coordinates': [[80.2104749, 13.0689093], [80.2105623, 13.0696036], [80.2106693, 13.0706173], [80.2107223, 13.0708711], [80.2107154, 13.0709246], [80.2101422, 13.0709207]]}",772.86,2124.27,0,0,4,0.161,0
33876025,way/33876025,,residential,,0,0,13.070301877777778,80.21188018888888,208.25,"{'type': 'LineString', 'coordinates': [[80.2112855, 13.0699404], [80.2113476, 13.0704499], [80.2114639, 13.0704464], [80.2116333, 13.0704324], [80.211782, 13.0703837], [80.2119228, 13.0703579], [80.2122823, 13.0703002], [80.2125256, 13.0702169], [80.2126787, 13.0701891]]}",714.97,2258.15,0,0,4,0.161,0
33876026,way/33876026,,residential,,0,0,13.069659625,80.211512175,161.53,"{'type': 'LineString', 'coordinates': [[80.2116333, 13.0704324], [80.2114985, 13.0697112], [80.2114813, 13.0695025], [80.2114356, 13.0689924]]}",795.92,2252.16,0,0,4,0.161,0
33876027,way/33876027,,residential,,0,0,13.067951633333331,80.2120537,110.52,"{'type': 'LineString', 'coordinates': [[80.2120721, 13.0684305], [80.212042, 13.0679885], [80.212047, 13.0674359]]}",956.87,2395.22,0,0,4,0.161,0
33876031,way/33876031,,residential,,0,0,13.068147475,80.20979975,170.23,"{'type': 'LineString', 'coordinates': [[80.2098266, 13.0690585], [80.2097559, 13.0684194], [80.2098065, 13.0675816], [80.20981, 13.0675304]]}",912.84,2170.45,0,0,4,0.161,0
33876032,way/33876032,Durga Street,residential,,0,0,13.068179624999999,80.2093527,174.08,"{'type': 'LineString', 'coordinates': [[80.2093549, 13.0675378], [80.2093644, 13.067667], [80.20932, 13.0684112], [80.2093715, 13.0691025]]}",867.38,2126.98,1,1,4,0.161,1
33876033,way/33876033,,residential,,0,0,13.06972716,80.2094458,185.12,"{'type': 'LineString', 'coordinates': [[80.2088927, 13.070073], [80.2091013, 13.0700357], [80.2097415, 13.0698548], [80.2097336, 13.0696073], [80.2097599, 13.069065]]}",885.44,2046.1,0,0,4,0.161,0
33876034,way/33876034,,residential,,0,0,13.068218133333334,80.21013076666667,163.31,"{'type': 'LineString', 'coordinates': [[80.2102134, 13.068953], [80.2101172, 13.0682113], [80.2100617, 13.0674901]]}",950.13,2197.2,0,0,4,0.161,0
33876078,way/33876078,,residential,,0,0,13.0720825,80.21532185000001,62.95,"{'type': 'LineString', 'coordinates': [[80.2155906, 13.0719921], [80.2150531, 13.0721729]]}",466.54,2545.91,0,0,4,0.161,0
33876079,way/33876079,,living_street,,0,0,13.07226335,80.21536205000001,54.15,"{'type': 'LineString', 'coordinates': [[80.2151285, 13.0723337], [80.2155956, 13.072193]]}",447.74,2544.41,0,0,5,0.161,0
33876080,way/33876080,,residential,,0,0,13.071466899999999,80.215069,100.41,"{'type': 'LineString', 'coordinates': [[80.2155806, 13.0713541], [80.2149229, 13.0714818], [80.2147035, 13.0715648]]}",529.88,2540.04,1,1,4,0.161,1
33876081,way/33876081,,residential,,0,0,13.07055478,80.21467128,155.3,"{'type': 'LineString', 'coordinates': [[80.2149354, 13.071175], [80.214954, 13.071164], [80.2149572, 13.0711443], [80.214849, 13.0708695], [80.2147105, 13.0703116], [80.2146484, 13.0702662], [80.2145693, 13.0702169], [80.2144618, 13.0701543], [80.2143544, 13.070129], [80.2142728, 13.070117]]}",627.9,2532.89,0,0,4,0.161,0
33876082,way/33876082,,residential,,0,0,13.07122105,80.2146987,53.53,"{'type': 'LineString', 'coordinates': [[80.2149354, 13.071175], [80.214462, 13.0712671]]}",554.07,2510.1,0,0,4,0.161,0
33876084,way/33876084,,residential,,0,0,13.07267085,80.21490510000001,34.4,"{'type': 'LineString', 'coordinates': [[80.2149251, 13.0728245], [80.2148851, 13.0725172]]}",395.05,2483.11,0,0,4,0.161,0
33876085,way/33876085,,residential,,0,0,13.07151835,80.21395805,134.14,"{'type': 'LineString', 'coordinates': [[80.2145316, 13.0713407], [80.2142739, 13.0714296], [80.2136515, 13.0716124], [80.2133752, 13.0716907]]}",524.56,2421.59,0,0,4,0.161,0
33876086,way/33876086,,residential,,0,0,13.07178225,80.21369895000001,39.15,"{'type': 'LineString', 'coordinates': [[80.2136515, 13.0716124], [80.2137464, 13.0719521]]}",499.97,2384.8,0,0,4,0.161,0
33876087,way/33876087,,residential,,0,0,13.0718707,80.21400725000001,104.06,"{'type': 'LineString', 'coordinates': [[80.2144949, 13.071726], [80.2141947, 13.0718295], [80.2137464, 13.0719521], [80.213593, 13.0719752]]}",485.07,2414.05,0,0,4,0.161,0
33876088,way/33876088,,residential,,0,0,13.07224665,80.21417685,34.48,"{'type': 'LineString', 'coordinates': [[80.214324, 13.0721969], [80.2140297, 13.0722964]]}",441.61,2419.1,0,0,4,0.161,0
33876089,way/33876089,,residential,,0,0,13.07149535,80.213365925,83.36,"{'type': 'LineString', 'coordinates': [[80.2133441, 13.0710728], [80.2133511, 13.0713964], [80.2133752, 13.0716907], [80.2133933, 13.0718215]]}",538.93,2360.57,0,0,4,0.161,0
33876090,way/33876090,6th Street,residential,,0,0,13.071459033333333,80.21298973333333,88.48,"{'type': 'LineString', 'coordinates': [[80.2133511, 13.0713964], [80.2130517, 13.0714447], [80.2125664, 13.071536]]}",554.24,2322.78,0,0,4,0.161,0
33876091,way/33876091,EV Ramasamy Street,residential,,0,0,13.07092545,80.21384230000001,110.18,"{'type': 'LineString', 'coordinates': [[80.2143384, 13.0709109], [80.2133462, 13.07094]]}",591.46,2432.24,0,0,4,0.161,0
33876092,way/33876092,,residential,,0,0,13.071175700000001,80.21401714999999,85.86,"{'type': 'LineString', 'coordinates': [[80.2136314, 13.0712034], [80.2144029, 13.071148]]}",561.63,2440.64,1,1,4,0.161,1
33876093,way/33876093,,residential,,0,0,13.0704452,80.21357018333333,121.42,"{'type': 'LineString', 'coordinates': [[80.2141237, 13.0703042], [80.2138648, 13.0703642], [80.2134198, 13.0704025], [80.2133571, 13.0704176], [80.213317, 13.070464], [80.2133387, 13.0707187]]}",648.61,2423.87,0,0,4,0.161,0
33876094,way/33876094,,residential,,0,0,13.06940372,80.21359728,159.81,"{'type': 'LineString', 'coordinates': [[80.2139914, 13.0699786], [80.2136013, 13.0697164], [80.2134958, 13.069412], [80.2134537, 13.0691437], [80.2134442, 13.0687679]]}",762.48,2472.97,0,0,4,0.161,0
33876095,way/33876095,,residential,,0,0,13.06920114,80.21287612,120.06,"{'type': 'LineString', 'coordinates': [[80.2125159, 13.0692992], [80.2126518, 13.0692894], [80.2126619, 13.0691362], [80.2130973, 13.0691372], [80.2134537, 13.0691437]]}",799.24,2410.4,0,0,4,0.161,0
33876097,way/33876097,,residential,,0,0,13.069341675,80.21309465,57.6,"{'type': 'LineString', 'coordinates': [[80.2130973, 13.0691372], [80.2130974, 13.0691564], [80.2130939, 13.069417], [80.21309, 13.0696561]]}",778.75,2425.43,0,0,4,0.161,0
33876098,way/33876098,,residential,,0,0,13.0694145,80.21329485000001,44.61,"{'type': 'LineString', 'coordinates': [[80.2130939, 13.069417], [80.2134958, 13.069412]]}",766.57,2442.05,0,0,4,0.161,0
33876099,way/33876099,,residential,,0,0,13.068355666666667,80.21387650000001,87.17,"{'type': 'LineString', 'coordinates': [[80.2138717, 13.068757], [80.2138781, 13.0683383], [80.2138797, 13.0679717]]}",874.78,2551.67,0,0,4,0.161,0
33876103,way/33876103,,residential,,0,0,13.068855625,80.210859125,174.4,"{'type': 'LineString', 'coordinates': [[80.2109915, 13.0695015], [80.2109414, 13.0692042], [80.2108393, 13.0687517], [80.2106643, 13.0679651]]}",905.63,2230.27,0,0,4,0.161,0
33876105,way/33876105,,residential,,0,0,13.074571333333333,80.21111615,167.89,"{'type': 'LineString', 'coordinates': [[80.2113007, 13.0741178], [80.211286, 13.0746307], [80.2112809, 13.0746415], [80.2112715, 13.0746457], [80.2112584, 13.0746475], [80.2102994, 13.0747448]]}",341.0,2022.89,0,0,4,0.161,0
33876106,way/33876106,,residential,,0,0,13.074182116666668,80.21153084999999,80.72,"{'type': 'LineString', 'coordinates': [[80.2115804, 13.0745494], [80.2115851, 13.0741187], [80.2115821, 13.0741083], [80.2115745, 13.0741008], [80.2115623, 13.0740977], [80.2113007, 13.0741178]]}",343.45,2077.87,0,0,4,0.161,0
33876107,way/33876107,,residential,,0,0,13.073042000000001,80.211725,56.17,"{'type': 'LineString', 'coordinates': [[80.2117551, 13.0732932], [80.2116949, 13.0727908]]}",442.49,2133.0,0,0,4,0.161,0
33876108,way/33876108,Bharathi Nagar Road,residential,,0,0,13.073252100000001,80.211316825,105.1,"{'type': 'LineString', 'coordinates': [[80.2113432, 13.0737956], [80.21132, 13.0733273], [80.2113055, 13.0730357], [80.2112986, 13.0728498]]}",442.74,2082.82,1,1,4,0.161,1
33876109,way/33876109,,residential,,0,0,13.07314882,80.21075828000001,92.21,"{'type': 'LineString', 'coordinates': [[80.2106334, 13.072852], [80.210663, 13.073009], [80.2106941, 13.0732826], [80.2107228, 13.0733101], [80.2110781, 13.0732904]]}",486.65,2027.14,0,0,4,0.161,0
33876110,way/33876110,,residential,,0,0,13.074178325,80.209132925,127.98,"{'type': 'LineString', 'coordinates': [[80.208529, 13.0742379], [80.209068, 13.0741757], [80.2092578, 13.0741521], [80.2096769, 13.0741476]]}",468.06,1821.1,0,0,4,0.161,0
34551123,way/34551123,,residential,,0,0,13.070723699999999,80.21107552,117.19,"{'type': 'LineString', 'coordinates': [[80.2107154, 13.0709246], [80.2109563, 13.0709306], [80.2111894, 13.0708511], [80.2111689, 13.0704623], [80.2113476, 13.0704499]]}",706.57,2157.46,0,0,4,0.161,0
45403661,way/45403661,,service,,0,0,13.0682136,80.2053487,79.0,"{'type': 'LineString', 'coordinates': [[80.2053738, 13.0686473], [80.2053629, 13.0680436], [80.2053094, 13.0679499]]}",428.25,1771.13,0,0,5,0.161,0
45403662,way/45403662,,service,,0,0,13.068239066666669,80.20526446666666,84.66,"{'type': 'LineString', 'coordinates': [[80.2052954, 13.0686987], [80.2052771, 13.0680698], [80.2052209, 13.0679487]]}",418.67,1762.25,0,0,5,0.161,0
45403664,way/45403664,,service,,0,0,13.068261166666666,80.20517969999999,90.93,"{'type': 'LineString', 'coordinates': [[80.2052047, 13.0687582], [80.2051912, 13.0680776], [80.2051432, 13.0679477]]}",409.07,1753.59,2,1,5,0.161,1
69610256,way/69610256,Jawaharlal Nehru Road (100 Feet Road),primary,asphalt,1,0,13.067106876,80.208895356,1051.94,"{'type': 'LineString', 'coordinates': [[80.2050526, 13.0699705], [80.2051326, 13.0699187], [80.2052228, 13.0698592], [80.2054485, 13.0697116], [80.205912, 13.0694084], [80.2059513, 13.0693827], [80.2072854, 13.0685573], [80.2075013, 13.0684236], [80.2083096, 13.0679108], [80.2086191, 13.0677145], [80.2087178, 13.0676528], [80.2089059, 13.0675351], [80.2093297, 13.0672659], [80.209696, 13.0670089], [80.2098652, 13.0668577], [80.2101186, 13.0665491], [80.2102514, 13.0663875], [80.2108608, 13.0656454], [80.2110543, 13.0653579], [80.2112453, 13.0650987], [80.2113672, 13.0648929], [80.2115371, 13.0644958], [80.2116247, 13.064291], [80.2116562, 13.0640884], [80.2117185, 13.0636875]]}",783.73,2154.23,2,1,2,0.161,1
69610258,way/69610258,Jawaharlal Nehru Road (100 Feet Road),primary,,1,0,13.07077541111111,80.20363896666667,370.83,"{'type': 'LineString', 'coordinates': [[80.2048975, 13.0697317], [80.2042611, 13.0701924], [80.2040793, 13.0703589], [80.2039752, 13.0704513], [80.203593, 13.0708043], [80.2034745, 13.0709128], [80.2033902, 13.07099], [80.2027031, 13.0716192], [80.2023768, 13.0719181]]}",337.32,1443.38,0,0,2,0.161,0
95641235,way/95641235,Jawaharlal Nehru Road (100 Feet Road),primary,,1,0,13.071025449999999,80.20372802142857,416.1,"{'type': 'LineString', 'coordinates': [[80.2021568, 13.0723474], [80.2022452, 13.0722708], [80.2026472, 13.0719225], [80.2029781, 13.0716408], [80.2030352, 13.0715911], [80.203146, 13.0714978], [80.2037634, 13.0709652], [80.2040373, 13.0707288], [80.2043496, 13.0704959], [80.2043796, 13.0704724], [80.204643, 13.0702711], [80.2048432, 13.0701184], [80.2049151, 13.0700636], [80.2050526, 13.0699705]]}",364.26,1434.39,0,0,2,0.161,0
100857270,way/100857270,EVR Periyar Salai,primary,asphalt,1,0,13.077022770833333,80.20774881666667,1145.67,"{'type': 'LineString', 'coordinates': [[80.2015481, 13.0763573], [80.2022104, 13.0763009], [80.2027533, 13.0763395], [80.2037405, 13.076562], [80.2044329, 13.0767142], [80.204818, 13.0767658], [80.2066573, 13.0771022], [80.2069854, 13.077139], [80.2073362, 13.0771463], [80.2079621, 13.0771759], [80.2080129, 13.0771778], [80.20815, 13.077183], [80.2084459, 13.0771942], [80.2087674, 13.0772348], [80.2089034, 13.077252], [80.2093794, 13.077272], [80.2094733, 13.0772759], [80.2098239, 13.0772876], [80.2102274, 13.0772601], [80.2106677, 13.0772183], [80.2107849, 13.0772072], [80.2114018, 13.0771485], [80.2117144, 13.0771188], [80.211775, 13.0771132]]}",154.16,1606.48,0,0,2,0.161,1
102547872,way/102547872,Jawaharlal Nehru Road (100 Feet Road),primary,,1,0,13.0652886125,80.2101073,1202.81,"{'type': 'LineString', 'coordinates': [[80.2115442, 13.0613226], [80.2115564, 13.0614767], [80.2116246, 13.0623418], [80.2116333, 13.0624515], [80.2116127, 13.0626955], [80.2115475, 13.0637559], [80.2114702, 13.0642324], [80.2114454, 13.0643029], [80.2114176, 13.0643821], [80.2113985, 13.0644233], [80.2112042, 13.0648428], [80.2109724, 13.0651633], [80.2108694, 13.0653193], [80.2107217, 13.0654941], [80.2106715, 13.0655535], [80.2104621, 13.0658012], [80.2098068, 13.0665819], [80.2095904, 13.0667778], [80.2092129, 13.067025], [80.2085728, 13.0674379], [80.2072742, 13.0683387], [80.2065632, 13.068699], [80.2057882, 13.0691904], [80.205615, 13.0693171]]}",890.82,2384.39,4,1,2,0.161,2
112869287,way/112869287,,residential,,0,0,13.07560595,80.215667825,140.87,"{'type': 'LineString', 'coordinates': [[80.2150603, 13.0757996], [80.2155151, 13.0756367], [80.2158192, 13.0755413], [80.2162767, 13.0754462]]}",124.56,2498.54,0,0,4,0.161,1
162093044,way/162093044,New Street,residential,asphalt,0,0,13.072241120000001,80.206363,102.49,"{'type': 'LineString', 'coordinates': [[80.2063016, 13.0726116], [80.2062558, 13.0721949], [80.2062585, 13.0721674], [80.2062761, 13.0721509], [80.206723, 13.0720808]]}",599.77,1612.79,0,0,4,0.161,0
162093260,way/162093260,Jai Nagar 18th street,residential,,0,0,13.07190425,80.2063915,67.05,"{'type': 'LineString', 'coordinates': [[80.2060929, 13.0719497], [80.2066901, 13.0718588]]}",636.5,1632.73,0,0,4,0.161,0
206825908,way/206825908,8th Street,residential,,0,0,13.070009579999999,80.20703958,151.01,"{'type': 'LineString', 'coordinates': [[80.2064507, 13.0701458], [80.2065296, 13.070138], [80.2070862, 13.0700003], [80.2073592, 13.0699373], [80.2077722, 13.0698265]]}",633.18,1800.95,0,0,4,0.161,0
206825912,way/206825912,,residential,,0,0,13.070654780000002,80.20725148,128.38,"{'type': 'LineString', 'coordinates': [[80.2070862, 13.0700003], [80.2071889, 13.0703993], [80.207299, 13.0708274], [80.2073237, 13.0709233], [80.2073596, 13.0711236]]}",676.59,1783.59,0,0,4,0.161,0
206825915,way/206825915,,residential,,0,0,13.070754149999999,80.21381055,102.57,"{'type': 'LineString', 'coordinates': [[80.2133488, 13.0707696], [80.2142723, 13.0707387]]}",610.77,2435.83,0,0,4,0.161,0
206825916,way/206825916,,residential,,0,0,13.070782999999999,80.20778325,181.53,"{'type': 'LineString', 'coordinates': [[80.2081634, 13.0711054], [80.2078919, 13.0710302], [80.2077185, 13.0710591], [80.2073592, 13.0699373]]}",736.99,1827.83,0,0,4,0.161,0
206825920,way/206825920,,residential,,0,0,13.070997325,80.208756725,134.28,"{'type': 'LineString', 'coordinates': [[80.2081967, 13.071217], [80.2088148, 13.0710383], [80.2087874, 13.0709397], [80.209228, 13.0707943]]}",811.56,1912.2,4,1,4,0.161,2
206825921,way/206825921,,residential,,0,0,13.0721722,80.21486207777778,221.91,"{'type': 'LineString', 'coordinates': [[80.2142739, 13.0714296], [80.2144949, 13.071726], [80.2146021, 13.071845], [80.214716, 13.0720274], [80.2148851, 13.0725172], [80.214947, 13.0725273], [80.2150499, 13.0725268], [80.2151753, 13.0725049], [80.2156145, 13.0724456]]}",449.7,2494.19,0,0,4,0.161,0
206825922,way/206825922,,residential,,0,0,13.07021098,80.21411371333333,302.42,"{'type': 'LineString', 'coordinates': [[80.2138146, 13.0687541], [80.2138186, 13.0691479], [80.2138377, 13.0693439], [80.2138746, 13.0695837], [80.2139417, 13.0698703], [80.2139914, 13.0699786], [80.2140254, 13.0700928], [80.2140729, 13.0701627], [80.2141237, 13.0703042], [80.2141979, 13.0705211], [80.2142723, 13.0707387], [80.2143384, 13.0709109], [80.2144029, 13.071148], [80.214462, 13.0712671], [80.2145316, 13.0713407]]}",667.44,2489.56,0,0,4,0.161,0
206831683,way/206831683,,residential,,0,0,13.071100766666666,80.20588656666666,153.08,"{'type': 'LineString', 'coordinates': [[80.206563, 13.0709697], [80.2058817, 13.0710793], [80.205215, 13.0712533]]}",559.11,1628.16,0,0,4,0.161,0
207260564,way/207260564,Janakiraman Colony Main Road,residential,,0,0,13.07532732857143,80.20446008571427,328.97,"{'type': 'LineString', 'coordinates': [[80.2046089, 13.0766227], [80.2046054, 13.0765923], [80.2045709, 13.0760271], [80.2044744, 13.0752042], [80.2044497, 13.0750174], [80.204296, 13.0741396], [80.2042153, 13.073688]]}",224.99,1287.64,0,0,4,0.161,0
207260566,way/207260566,,residential,,0,0,13.07505302,80.20668894666666,418.0,"{'type': 'LineString', 'coordinates': [[80.2063143, 13.0732989], [80.2063966, 13.0736681], [80.2064605, 13.0739334], [80.2065363, 13.0743189], [80.2065468, 13.0743706], [80.2066289, 13.0747299], [80.2066802, 13.0749225], [80.206735, 13.0751067], [80.2067959, 13.0753428], [80.2068043, 13.0753714], [80.2068257, 13.075451], [80.2068694, 13.0757366], [80.2068984, 13.0761176], [80.2069105, 13.0764281], [80.2069314, 13.0769988]]}",311.1,1533.58,0,0,4,0.161,0
207260567,way/207260567,Ramakrishna Street,residential,,0,0,13.076429733333333,80.20720813333334,97.22,"{'type': 'LineString', 'coordinates': [[80.2072498, 13.0770089], [80.2071888, 13.0761446], [80.2071858, 13.0761357]]}",189.47,1556.53,0,0,4,0.161,1
207260575,way/207260575,,residential,,0,0,13.075943416666666,80.20588626666667,126.41,"{'type': 'LineString', 'coordinates': [[80.2065059, 13.0759505], [80.2058468, 13.0758337], [80.205794, 13.0758456], [80.2057601, 13.0758711], [80.2057385, 13.0759267], [80.2056723, 13.0762329]]}",190.83,1422.98,0,0,4,0.161,1
207260577,way/207260577,,living_street,,0,0,13.07673075,80.20751075,98.54,"{'type': 'LineString', 'coordinates': [[80.207536, 13.0770202], [80.2075291, 13.076941], [80.2075191, 13.076826], [80.2074588, 13.0761358]]}",177.92,1584.55,0,0,5,0.161,1
207260579,way/207260579,,residential,,0,0,13.075635757142857,80.20503269999999,74.32,"{'type': 'LineString', 'coordinates': [[80.2047831, 13.0757106], [80.2048265, 13.0757046], [80.2051169, 13.0756763], [80.205123, 13.0756746], [80.2051277, 13.0756702], [80.2051288, 13.0756648], [80.2051229, 13.0753492]]}",197.7,1339.18,0,0,4,0.161,1
207260581,way/207260581,Balaji Street,residential,,0,0,13.07645795,80.2051933,57.92,"{'type': 'LineString', 'coordinates': [[80.2051543, 13.0767159], [80.2052323, 13.0762]]}",114.12,1335.93,0,0,4,0.161,1
207260582,way/207260582,,residential,,0,0,13.0748173,80.2062625,84.51,"{'type': 'LineString', 'coordinates': [[80.2066289, 13.0747299], [80.2062702, 13.0748153], [80.2058884, 13.0749067]]}",322.55,1495.51,0,0,4,0.161,0
207260586,way/207260586,,residential,,0,0,13.07538122,80.20473319999999,172.25,"{'type': 'LineString', 'coordinates': [[80.2045695, 13.0744132], [80.2047109, 13.0751787], [80.2047733, 13.0756611], [80.2047831, 13.0757106], [80.2048292, 13.0759425]]}",221.96,1314.9,0,0,4,0.161,0
207260587,way/207260587,,residential,,0,0,13.074624066666667,80.20707929999999,95.99,"{'type': 'LineString', 'coordinates': [[80.2066289, 13.0747299], [80.2071375, 13.0746066], [80.2074715, 13.0745357]]}",370.74,1588.49,0,0,4,0.161,0
207260588,way/207260588,,living_street,,0,0,13.0745168,80.20618786666667,72.32,"{'type': 'LineString', 'coordinates': [[80.2062702, 13.0748153], [80.2061924, 13.0745489], [80.206101, 13.0741862]]}",352.14,1497.76,0,0,5,0.161,0
207260589,way/207260589,,residential,,0,0,13.07441775,80.20512575000001,64.8,"{'type': 'LineString', 'coordinates': [[80.2048416, 13.0744846], [80.2054099, 13.0743509]]}",332.88,1390.14,0,0,4,0.161,0
207260590,way/207260590,,residential,,0,0,13.07391655,80.20530195,193.32,"{'type': 'LineString', 'coordinates': [[80.204296, 13.0741396], [80.2051107, 13.0739718], [80.2058069, 13.0738004], [80.2059942, 13.0737544]]}",390.84,1428.53,0,0,4,0.161,0
207260591,way/207260591,,residential,,0,0,13.0752568,80.20614619999999,116.72,"{'type': 'LineString', 'coordinates': [[80.206735, 13.0751067], [80.2059875, 13.0752971], [80.2057161, 13.0753666]]}",272.11,1469.49,0,0,4,0.161,0
207260594,way/207260594,17th street,residential,,0,0,13.07291095,80.20651285,86.38,"{'type': 'LineString', 'coordinates': [[80.2061192, 13.0729615], [80.2063773, 13.0729269], [80.2066634, 13.0728885], [80.2068915, 13.0728669]]}",533.27,1595.97,0,0,4,0.161,0
207260595,way/207260595,,residential,,0,0,13.07417827142857,80.20761954285715,219.79,"{'type': 'LineString', 'coordinates': [[80.2065468, 13.0743706], [80.2071863, 13.0742228], [80.2074748, 13.0742277], [80.2076342, 13.0741758], [80.2079478, 13.0741258], [80.20806, 13.0741079], [80.2084869, 13.0740173]]}",439.66,1660.48,0,0,4,0.161,0
207260597,way/207260597,,residential,,0,0,13.07490618,80.20528314,147.75,"{'type': 'LineString', 'coordinates': [[80.2049689, 13.0751509], [80.2049767, 13.075177], [80.2055583, 13.0750417], [80.2055019, 13.0748104], [80.2054099, 13.0743509]]}",282.63,1388.86,0,0,4,0.161,0
207260598,way/207260598,,residential,,0,0,13.074027725,80.207624375,106.05,"{'type': 'LineString', 'coordinates': [[80.2075633, 13.0735911], [80.2075739, 13.0738145], [80.2076342, 13.0741758], [80.2077261, 13.0745295]]}",455.25,1666.19,0,0,4,0.161,0
207260599,way/207260599,,residential,,0,0,13.075089966666667,80.2047993,172.82,"{'type': 'LineString', 'coordinates': [[80.2042191, 13.0752416], [80.2044744, 13.0752042], [80.2047109, 13.0751787], [80.2049689, 13.0751509], [80.2049206, 13.074954], [80.2055019, 13.0748104]]}",254.84,1331.49,0,0,4,0.161,0
207260600,way/207260600,,residential,,0,0,13.076330125,80.20644515000001,109.09,"{'type': 'LineString', 'coordinates': [[80.2063433, 13.0769195], [80.2064431, 13.0763475], [80.2064883, 13.076103], [80.2065059, 13.0759505]]}",168.87,1475.08,0,0,4,0.161,1
207260602,way/207260602,,residential,,0,0,13.0761103,80.20669335,45.55,"{'type': 'LineString', 'coordinates': [[80.2064883, 13.076103], [80.2068984, 13.0761176]]}",202.09,1506.76,0,0,4,0.161,0
207260604,way/207260604,,residential,,0,0,13.073252378571429,80.20427560714286,351.47,"{'type': 'LineString', 'coordinates': [[80.202856, 13.0735881], [80.2030905, 13.0734965], [80.2032833, 13.0734255], [80.2034199, 13.0733888], [80.2036701, 13.0733217], [80.2038277, 13.0732794], [80.204111, 13.0732087], [80.2042113, 13.0731813], [80.2048006, 13.0730372], [80.2050589, 13.0729664], [80.2052956, 13.0729016], [80.205358, 13.0730896], [80.2053782, 13.0731505], [80.2054974, 13.073498]]}",452.26,1355.37,0,0,4,0.161,0
207264536,way/207264536,Mangali Nagar 1st Street,residential,,0,0,13.075552175,80.21165495000001,348.75,"{'type': 'LineString', 'coordinates': [[80.210333, 13.075212], [80.211156, 13.0751582], [80.2116292, 13.0750765], [80.2116777, 13.0750867], [80.2117018, 13.0751077], [80.2117144, 13.0751426], [80.2117351, 13.0752002], [80.211791, 13.0753771], [80.2118983, 13.0757269], [80.21201, 13.0761826], [80.212084, 13.0765478], [80.2121289, 13.0768078]]}",220.79,2059.5,0,0,4,0.161,0
207264546,way/207264546,,residential,,0,0,13.0721435,80.205752,112.73,"{'type': 'LineString', 'coordinates': [[80.2056464, 13.0716468], [80.2058576, 13.0726402]]}",593.44,1557.59,0,0,4,0.161,0
207264549,way/207264549,,residential,,0,0,13.073454466666666,80.21529853333334,110.27,"{'type': 'LineString', 'coordinates': [[80.2157711, 13.0734082], [80.2153419, 13.0734487], [80.2147826, 13.0735065]]}",317.6,2503.24,0,0,4,0.161,0
207264550,way/207264550,,residential,,0,0,13.0720326,80.210627575,166.75,"{'type': 'LineString', 'coordinates': [[80.2102017, 13.0724239], [80.2108085, 13.0723077], [80.2107882, 13.0719696], [80.2107119, 13.0714292]]}",598.2,2055.1,0,0,4,0.161,0
207264551,way/207264551,,residential,,0,0,13.074426525,80.2093983,173.38,"{'type': 'LineString', 'coordinates': [[80.209068, 13.0741757], [80.2091791, 13.074705], [80.2096692, 13.0746778], [80.2096769, 13.0741476]]}",437.52,1842.0,0,0,4,0.161,0
207264552,way/207264552,16th street,residential,,0,0,13.072413325,80.2076969,179.04,"{'type': 'LineString', 'coordinates': [[80.2068277, 13.0725762], [80.2074453, 13.0724587], [80.208101, 13.0723364], [80.2084136, 13.072282]]}",624.55,1738.5,0,0,4,0.161,0
207264553,way/207264553,,residential,,0,0,13.075236799999999,80.2084125,85.56,"{'type': 'LineString', 'coordinates': [[80.2087938, 13.0751808], [80.2080312, 13.0752928]]}",350.81,1713.84,0,0,4,0.161,0
207264554,way/207264554,15th street,residential,,0,0,13.072028375,80.207957875,102.53,"{'type': 'LineString', 'coordinates': [[80.2074417, 13.0721091], [80.2078416, 13.0720479], [80.2081943, 13.0719925], [80.2083539, 13.071964]]}",674.62,1782.53,0,0,4,0.161,0
207264555,way/207264555,,residential,,0,0,13.075660116666667,80.21117758333334,156.55,"{'type': 'LineString', 'coordinates': [[80.2111378, 13.0747966], [80.211156, 13.0751582], [80.2112099, 13.0758443], [80.2112151, 13.0759426], [80.2112263, 13.0760928], [80.2111204, 13.0761262]]}",243.76,2005.24,0,0,4,0.161,0
207264556,way/207264556,,residential,,0,0,13.071609766666667,80.20586286666666,151.96,"{'type': 'LineString', 'coordinates': [[80.2052968, 13.071709], [80.2056464, 13.0716468], [80.2066454, 13.0714735]]}",586.97,1597.08,0,0,4,0.161,0
207264558,way/207264558,Perumal Koil Street,residential,,0,0,13.07677155,80.2084883,64.73,"{'type': 'LineString', 'coordinates': [[80.2084694, 13.0770625], [80.2085072, 13.0764806]]}",180.29,1691.42,0,0,4,0.161,1
207264559,way/207264559,,residential,,0,0,13.075592966666667,80.2091209,290.28,"{'type': 'LineString', 'coordinates': [[80.2077374, 13.0756822], [80.2079147, 13.0756617], [80.2083464, 13.0756117], [80.208917, 13.0756002], [80.2092311, 13.0755964], [80.2097465, 13.0755491], [80.2099017, 13.0755348], [80.20995, 13.0755304], [80.2103433, 13.0755702]]}",311.06,1782.25,0,0,4,0.161,0
207264561,way/207264561,,residential,,0,0,13.07443844,80.20860172,317.2,"{'type': 'LineString', 'coordinates': [[80.2082057, 13.0728347], [80.2083409, 13.0733767], [80.2084399, 13.0738001], [80.2084869, 13.0740173], [80.208529, 13.0742379], [80.2086815, 13.0748548], [80.2087854, 13.0751517], [80.2087938, 13.0751808], [80.2088371, 13.0753302], [80.208917, 13.0756002]]}",438.86,1756.45,0,0,4,0.161,0
207272952,way/207272952,,residential,,0,0,13.0737755,80.20507295,44.38,"{'type': 'LineString', 'coordinates': [[80.2051107, 13.0739718], [80.2050352, 13.0735792]]}",403.0,1411.09,0,0,4,0.161,0
207272953,way/207272953,,residential,,0,0,13.07340315,80.20722860000001,64.21,"{'type': 'LineString', 'coordinates': [[80.2072904, 13.0736857], [80.2071668, 13.0731206]]}",503.78,1648.33,0,0,4,0.161,0
207272954,way/207272954,,residential,,0,0,13.07411565,80.21101905,62.53,"{'type': 'LineString', 'coordinates': [[80.2113007, 13.0741178], [80.2107374, 13.0741135]]}",385.22,2024.71,0,0,4,0.161,0
214413825,way/214413825,,service,,1,0,13.069167211111111,80.20494156666666,127.72,"{'type': 'LineString', 'coordinates': [[80.2048975, 13.0697317], [80.2048535, 13.0695623], [80.2048366, 13.0693903], [80.2048341, 13.0692484], [80.2048426, 13.0691121], [80.2048907, 13.0689824], [80.2050026, 13.0689004], [80.2051118, 13.0688191], [80.2052047, 13.0687582]]}",385.89,1667.96,0,0,5,0.161,0
214413826,way/214413826,MTC Busway,service,,1,0,13.068282433333334,80.20531881111111,135.42,"{'type': 'LineString', 'coordinates': [[80.2052047, 13.0687582], [80.2052954, 13.0686987], [80.2053738, 13.0686473], [80.2054651, 13.0685874], [80.2054651, 13.068053], [80.2053917, 13.067951], [80.2053094, 13.0679499], [80.2052209, 13.0679487], [80.2051432, 13.0679477]]}",424.24,1763.59,0,0,5,0.161,0
217760875,way/217760875,,residential,,0,0,13.070318993333332,80.21338814666666,256.6,"{'type': 'LineString', 'coordinates': [[80.2140254, 13.0700928], [80.2139358, 13.0700955], [80.2138381, 13.0700314], [80.2136521, 13.0699582], [80.2134221, 13.0699428], [80.2132102, 13.0699343], [80.2130554, 13.0699617], [80.2130288, 13.0699751], [80.2130683, 13.0702536], [80.2130878, 13.0703737], [80.2131204, 13.0706647], [80.2133387, 13.0707187], [80.2133488, 13.0707696], [80.2133462, 13.07094], [80.2133441, 13.0710728]]}",665.98,2410.62,0,0,4,0.161,0
217760886,way/217760886,,residential,,0,0,13.07187825,80.21528725,72.72,"{'type': 'LineString', 'coordinates': [[80.2149759, 13.0719801], [80.2155986, 13.0717764]]}",488.14,2548.94,0,0,4,0.161,0
217760892,way/217760892,,residential,,0,0,13.070177333333334,80.21376816666667,87.77,"{'type': 'LineString', 'coordinates': [[80.2132832, 13.070203], [80.2139484, 13.0701663], [80.2140729, 13.0701627]]}",674.87,2455.6,0,0,4,0.161,0
217760893,way/217760893,,living_street,,0,0,13.071668033333333,80.21528516666666,86.4,"{'type': 'LineString', 'coordinates': [[80.2148692, 13.0718151], [80.2153802, 13.0716162], [80.2156061, 13.0715728]]}",511.1,2555.82,0,0,5,0.161,0
217760895,way/217760895,Police Station Street,residential,,0,0,13.068369425,80.21348995,180.33,"{'type': 'LineString', 'coordinates': [[80.2128027, 13.0684198], [80.2128712, 13.0683655], [80.2138781, 13.0683383], [80.2144078, 13.0683541]]}",877.85,2512.79,0,0,4,0.161,0
219558884,way/219558884,,residential,,0,0,13.073935778947368,80.21032497894737,701.45,"{'type': 'LineString', 'coordinates': [[80.2101422, 13.0709207], [80.2101452, 13.0714181], [80.2101486, 13.0715537], [80.2101479, 13.0715697], [80.210159, 13.0718191], [80.2101752, 13.0720453], [80.2102017, 13.0724239], [80.2102118, 13.0729354], [80.2102417, 13.0735078], [80.2102722, 13.0741389], [80.2102994, 13.0747448], [80.210333, 13.075212], [80.2103433, 13.0755702], [80.210381, 13.0756142], [80.2105688, 13.0756782], [80.2105728, 13.0757945], [80.2105771, 13.0761671], [80.2105994, 13.0765836], [80.2106543, 13.0770826]]}",452.59,1955.69,0,0,4,0.161,0
219558887,way/219558887,,living_street,,0,0,13.07095855,80.20984155,67.27,"{'type': 'LineString', 'coordinates': [[80.2095409, 13.0709964], [80.2101422, 13.0709207]]}",745.34,2022.25,0,0,5,0.161,0
219558889,way/219558889,,residential,,0,0,13.0758462,80.20651655,23.27,"{'type': 'LineString', 'coordinates': [[80.2065059, 13.0759505], [80.2065272, 13.0757419]]}",221.65,1493.61,0,0,4,0.161,0
219558890,way/219558890,Ramakrishna Street,residential,,0,0,13.076127539999998,80.20711782,32.16,"{'type': 'LineString', 'coordinates': [[80.2068984, 13.0761176], [80.2071577, 13.0761265], [80.2071689, 13.0761275], [80.2071783, 13.0761304], [80.2071858, 13.0761357]]}",217.29,1552.63,0,0,4,0.161,0
219558894,way/219558894,,residential,,0,0,13.0701917,80.20968895,81.44,"{'type': 'LineString', 'coordinates': [[80.2100526, 13.0701435], [80.2093253, 13.0702399]]}",827.27,2045.16,0,0,4,0.161,0
219558896,way/219558896,,residential,,0,0,13.069236866666666,80.21116706666668,41.51,"{'type': 'LineString', 'coordinates': [[80.2112391, 13.0694705], [80.2111334, 13.0691269], [80.2111287, 13.0691132]]}",853.5,2239.77,2,1,4,0.161,1
219558899,way/219558899,,residential,,0,0,13.07516525,80.20719133333334,131.45,"{'type': 'LineString', 'coordinates': [[80.2071375, 13.0746066], [80.2073063, 13.075243], [80.2073054, 13.0752512], [80.2073008, 13.0752575], [80.2072937, 13.0752618], [80.2068043, 13.0753714]]}",320.24,1584.18,0,0,4,0.161,0
219558901,way/219558901,,residential,,0,0,13.0741322,80.2057086,107.29,"{'type': 'LineString', 'coordinates': [[80.2054099, 13.0743509], [80.205909, 13.0742453], [80.2058069, 13.0738004]]}",377.85,1461.84,0,0,4,0.161,0
219558902,way/219558902,,residential,,0,0,13.074846766666667,80.20831528333333,92.67,"{'type': 'LineString', 'coordinates': [[80.2086815, 13.0748548], [80.2082804, 13.0749279], [80.2082682, 13.0749278], [80.2082587, 13.0749224], [80.2082524, 13.0749138], [80.2081505, 13.0745339]]}",394.36,1713.82,0,0,4,0.161,0
219558903,way/219558903,,residential,,0,0,13.074987733333332,80.2059096,61.53,"{'type': 'LineString', 'coordinates': [[80.2059875, 13.0752971], [80.2058884, 13.0749067], [80.2058529, 13.0747594]]}",293.22,1452.52,0,0,4,0.161,0
219558904,way/219558904,,residential,,0,0,13.0694219,80.20823195,123.27,"{'type': 'LineString', 'coordinates': [[80.2087766, 13.0693138], [80.2076873, 13.06953]]}",751.54,1947.65,0,0,4,0.161,0
219558905,way/219558905,,residential,,0,0,13.07202495,80.211188175,127.93,"{'type': 'LineString', 'coordinates': [[80.2113024, 13.071625], [80.211314, 13.0719121], [80.2113278, 13.072255], [80.2108085, 13.0723077]]}",569.96,2113.49,0,0,4,0.161,0
219558907,way/219558907,,living_street,,0,0,13.069651425,80.209053725,79.62,"{'type': 'LineString', 'coordinates': [[80.2090669, 13.0693312], [80.2090278, 13.0695682], [80.2090189, 13.0696706], [80.2091013, 13.0700357]]}",845.29,2012.5,0,0,5,0.161,0
219558908,way/219558908,,residential,,0,0,13.07199125,80.20954865,155.53,"{'type': 'LineString', 'coordinates': [[80.210159, 13.0718191], [80.2094701, 13.0718688], [80.2095124, 13.0721137], [80.2090531, 13.0721634]]}",670.51,1945.8,0,0,4,0.161,0
219558909,way/219558909,,living_street,,0,0,13.07655244,80.20983444000001,184.85,"{'type': 'LineString', 'coordinates': [[80.2089354, 13.0765234], [80.209359, 13.076528], [80.2099354, 13.0765549], [80.210343, 13.0765723], [80.2105994, 13.0765836]]}",196.63,1842.74,0,0,5,0.161,1
219558911,way/219558911,,residential,,0,0,13.072312866666666,80.20485215000001,136.53,"{'type': 'LineString', 'coordinates': [[80.2050589, 13.0729664], [80.204969, 13.0726005], [80.2048146, 13.0722223], [80.2047865, 13.0721702], [80.2047759, 13.072125], [80.204708, 13.0717928]]}",553.94,1460.98,0,0,4,0.161,0
219558912,way/219558912,Valluvar Salai,residential,,0,0,13.072829650000001,80.2083554,371.67,"{'type': 'LineString', 'coordinates': [[80.2069397, 13.0731692], [80.2071668, 13.0731206], [80.2082057, 13.0728347], [80.2084892, 13.0727675], [80.2091293, 13.072662], [80.2102017, 13.0724239]]}",608.16,1788.01,2,1,4,0.161,1
219558913,way/219558913,,living_street,,0,0,13.076074242857143,80.2081724,164.34,"{'type': 'LineString', 'coordinates': [[80.2074588, 13.0761358], [80.207579, 13.0761427], [80.2079626, 13.076103], [80.2080591, 13.0760863], [80.2084054, 13.0760291], [80.2088121, 13.0760061], [80.2089298, 13.0760167]]}",258.56,1668.78,0,0,5,0.161,0
219558916,way/219558916,Valluvar Salai,residential,,0,0,13.07352897857143,80.20515228571428,308.49,"{'type': 'LineString', 'coordinates': [[80.2042153, 13.073688], [80.2044909, 13.0736488], [80.2045239, 13.0736453], [80.2045534, 13.0736424], [80.2045884, 13.0736388], [80.2046355, 13.0736347], [80.2046625, 13.073633], [80.2047355, 13.0736249], [80.2050352, 13.0735792], [80.2054974, 13.073498], [80.2058747, 13.0733693], [80.2060653, 13.0733352], [80.2063143, 13.0732989], [80.2069397, 13.0731692]]}",431.14,1430.1,0,0,4,0.161,0
275300747,way/275300747,M.G.R South Street,residential,,0,0,13.068105450000001,80.2128499,69.57,"{'type': 'LineString', 'coordinates': [[80.2129813, 13.0679552], [80.2128087, 13.067966], [80.2128069, 13.0680808], [80.2128027, 13.0684198]]}",918.63,2463.84,0,0,4,0.161,0
304803468,way/304803468,,residential,,0,0,13.0744858,80.214737125,212.96,"{'type': 'LineString', 'coordinates': [[80.2154932, 13.0742478], [80.2150591, 13.0743768], [80.2147302, 13.0744862], [80.213666, 13.0748324]]}",192.77,2417.64,0,0,4,0.161,1
306915160,way/306915160,Kolaperumal School Street,residential,,0,0,13.075222599999998,80.21380703333334,92.18,"{'type': 'LineString', 'coordinates': [[80.213666, 13.0748324], [80.2138068, 13.075222], [80.2139483, 13.0756134]]}",129.11,2301.12,0,0,4,0.161,1
309280150,way/309280150,,residential,,0,0,13.073590033333334,80.2145,56.84,"{'type': 'LineString', 'coordinates': [[80.2147826, 13.0735065], [80.2144271, 13.0736235], [80.2142903, 13.0736401]]}",290.8,2413.56,0,0,4,0.161,0
309280151,way/309280151,,residential,,0,0,13.073315866666666,80.2142377,82.08,"{'type': 'LineString', 'coordinates': [[80.214174, 13.0729099], [80.2142488, 13.0733976], [80.2142903, 13.0736401]]}",322.82,2392.81,0,0,4,0.161,0
413589210,way/413589210,13th street,residential,,0,0,13.071368,80.2072834,174.53,"{'type': 'LineString', 'coordinates': [[80.2066454, 13.0714735], [80.2070081, 13.0714135], [80.2081967, 13.071217]]}",710.33,1748.08,0,0,4,0.161,0
413589212,way/413589212,Jai Nagar 2nd Main Road,residential,,0,0,13.072295225,80.206775075,191.19,"{'type': 'LineString', 'coordinates': [[80.2066454, 13.0714735], [80.2066901, 13.0718588], [80.206723, 13.0720808], [80.2067303, 13.072115], [80.2067529, 13.0722214], [80.2068277, 13.0725762], [80.2068915, 13.0728669], [80.2069397, 13.0731692]]}",607.08,1651.17,0,0,4,0.161,0
521860035,way/521860035,,residential,,0,0,13.075136650000001,80.2140894,65.54,"{'type': 'LineString', 'coordinates': [[80.2138068, 13.075222], [80.214372, 13.0750513]]}",128.33,2333.63,0,0,4,0.161,1
687564929,way/687564929,,residential,,0,0,13.069103266666668,80.21116856666667,59.72,"{'type': 'LineString', 'coordinates': [[80.2114356, 13.0689924], [80.2111287, 13.0691132], [80.2109414, 13.0692042]]}",867.23,2246.96,0,0,4,0.161,0
692251244,way/692251244,,residential,,0,0,13.071589966666666,80.20938163333334,69.12,"{'type': 'LineString', 'coordinates': [[80.2092599, 13.0712869], [80.2094149, 13.0716142], [80.2094701, 13.0718688]]}",716.89,1946.52,0,0,4,0.161,0
693156423,way/693156423,,residential,,0,0,13.076124863636364,80.20530282727272,207.94,"{'type': 'LineString', 'coordinates': [[80.2061445, 13.0755476], [80.2059634, 13.0756521], [80.2057528, 13.0757879], [80.2055919, 13.0758911], [80.2054436, 13.0760034], [80.2052742, 13.0761284], [80.2051193, 13.0762687], [80.2049344, 13.076414], [80.2048262, 13.0765049], [80.2046754, 13.0765831], [80.2046054, 13.0765923]]}",153.02,1355.38,0,0,4,0.161,1
696141836,way/696141836,,residential,,0,0,13.070656066666666,80.20679483333333,109.21,"{'type': 'LineString', 'coordinates': [[80.2064988, 13.0704978], [80.206801, 13.0704539], [80.2068246, 13.0704688], [80.2068351, 13.0704982], [80.2068914, 13.0709057], [80.2069181, 13.071112]]}",629.13,1739.95,0,0,4,0.161,0
696141837,way/696141837,8th Street,residential,,0,0,13.070196450000001,80.2061731,62.64,"{'type': 'LineString', 'coordinates': [[80.2064507, 13.0701458], [80.2058955, 13.0702471]]}",546.81,1709.14,0,0,4,0.161,0
696304156,way/696304156,,residential,,0,0,13.072780616666668,80.20410961666667,210.24,"{'type': 'LineString', 'coordinates': [[80.204969, 13.0726005], [80.2046183, 13.0726618], [80.2042991, 13.0727141], [80.2040848, 13.0727731], [80.2035622, 13.0729118], [80.2031243, 13.0730224]]}",502.6,1363.69,0,0,4,0.161,0
727506595,way/727506595,,service,,0,0,13.068521375,80.205954875,131.52,"{'type': 'LineString', 'coordinates': [[80.205832, 13.0689805], [80.2058199, 13.0685403], [80.2058387, 13.0682868], [80.2063289, 13.0682779]]}",493.4,1800.37,0,0,5,0.161,0
744519197,way/744519197,,service,,0,0,13.07079015,80.20481235,246.01,"{'type': 'LineString', 'coordinates': [[80.204643, 13.0702711], [80.2046792, 13.0703777], [80.2048114, 13.0707663], [80.2046746, 13.0708016], [80.2048194, 13.0713398], [80.2050984, 13.0712667], [80.2049614, 13.0707317], [80.2048114, 13.0707663]]}",439.41,1547.25,0,0,5,0.161,0
765771988,way/765771988,,service,,0,0,13.073512276923076,80.21265258461538,600.76,"{'type': 'LineString', 'coordinates': [[80.2124409, 13.073593], [80.2124026, 13.0734266], [80.2123072, 13.0734335], [80.212048, 13.0734626], [80.2119979, 13.0728846], [80.2126582, 13.0728264], [80.213377, 13.0727849], [80.213439, 13.0734252], [80.2134489, 13.0734811], [80.2124409, 13.073593], [80.2125048, 13.0738412], [80.212626, 13.0741602], [80.2127922, 13.0747473]]}",352.32,2217.19,0,0,5,0.161,0
765772938,way/765772938,,service,,0,0,13.070013566666667,80.2150814,66.6,"{'type': 'LineString', 'coordinates': [[80.2148238, 13.0700073], [80.2149969, 13.0700177], [80.2154235, 13.0700157]]}",690.52,2597.29,0,0,5,0.161,0
775969534,way/775969534,,service,,0,0,13.0715884375,80.2047073625,53.68,"{'type': 'LineString', 'coordinates': [[80.2045988, 13.071477], [80.2046545, 13.071637], [80.2046753, 13.0716605], [80.204747, 13.0716488], [80.2047604, 13.0716351], [80.2047604, 13.0716194], [80.2047517, 13.0715782], [80.2047108, 13.0714515]]}",485.27,1488.45,0,0,5,0.161,0
775969535,way/775969535,,service,,0,0,13.070986257894736,80.20452026842105,246.17,"{'type': 'LineString', 'coordinates': [[80.2043496, 13.0704959], [80.2043834, 13.070542], [80.2044171, 13.070588], [80.204393, 13.0706246], [80.2043715, 13.0706585], [80.2043688, 13.0706964], [80.2045083, 13.0712712], [80.2045512, 13.0714411], [80.2045586, 13.0714652], [80.204572, 13.0714796], [80.2045988, 13.071477], [80.2047108, 13.0714515], [80.2047446, 13.0714439], [80.2047341, 13.0714128], [80.2047148, 13.0713287], [80.2045458, 13.0706076], [80.2044882, 13.0705867], [80.2044574, 13.0705802], [80.2044171, 13.070588]]}",425.9,1508.21,0,0,5,0.161,0
995151413,way/995151413,,residential,,0,0,13.0722567,80.204545,19.68,"{'type': 'LineString', 'coordinates': [[80.2046324, 13.072242], [80.2044576, 13.0722714]]}",526.91,1434.49,0,0,4,0.161,0
995151415,way/995151415,,residential,,0,0,13.072943760000001,80.20600749,92.67,"{'type': 'LineString', 'coordinates': [[80.2057666, 13.0727477], [80.2059482, 13.0727505], [80.2060047, 13.0727608], [80.2060316, 13.0727717], [80.2060413, 13.0727919], [80.2060483, 13.0728291], [80.2060489, 13.0729708], [80.206059, 13.0732287], [80.206061, 13.0732512], [80.2060653, 13.0733352]]}",513.76,1543.38,0,0,4,0.161,0
995151416,way/995151416,,residential,,0,0,13.073157499999999,80.20574456,127.74,"{'type': 'LineString', 'coordinates': [[80.2060489, 13.0729708], [80.2057902, 13.0730113], [80.2056032, 13.0730511], [80.2055799, 13.0730668], [80.2055783, 13.0730891], [80.2056284, 13.0732795], [80.2056434, 13.0733009], [80.205663, 13.0733072], [80.2058513, 13.0732696], [80.206059, 13.0732287]]}",483.31,1506.97,0,0,4,0.161,0
995151417,way/995151417,,service,,0,0,13.07216038,80.20679531,29.95,"{'type': 'LineString', 'coordinates': [[80.2067303, 13.072115], [80.2067617, 13.0721118], [80.2068062, 13.0721073], [80.2068205, 13.0721073], [80.2068279, 13.0721189], [80.2068356, 13.0721882], [80.2068282, 13.0722049], [80.2068108, 13.0722121], [80.206779, 13.0722169], [80.2067529, 13.0722214]]}",622.07,1659.75,0,0,5,0.161,0
995151422,way/995151422,,residential,,0,0,13.076470766666667,80.20817133333334,73.14,"{'type': 'LineString', 'coordinates': [[80.2085072, 13.0764806], [80.2081563, 13.0764528], [80.2078505, 13.0764789]]}",214.56,1661.34,0,0,4,0.161,0
995151423,way/995151423,,residential,,0,0,13.07300385,80.21085289999999,42.17,"{'type': 'LineString', 'coordinates': [[80.210663, 13.073009], [80.2110428, 13.0729987]]}",493.7,2042.12,0,0,4,0.161,0
995151427,way/995151427,,residential,,0,0,13.071420866666665,80.21004626666667,28.79,"{'type': 'LineString', 'coordinates': [[80.2101452, 13.0714181], [80.2101075, 13.0714172], [80.2098861, 13.0714273]]}",689.77,2021.56,0,0,4,0.161,0
995154488,way/995154488,,residential,,0,0,13.068934475,80.212138575,44.11,"{'type': 'LineString', 'coordinates': [[80.2123288, 13.0689533], [80.2121816, 13.0689252], [80.2121075, 13.0689169], [80.2119364, 13.0689425]]}",849.95,2350.78,0,0,4,0.161,0
995154494,way/995154494,,residential,,0,0,13.07405485,80.21457864999999,101.5,"{'type': 'LineString', 'coordinates': [[80.2144271, 13.0736235], [80.2147302, 13.0744862]]}",239.26,2410.32,0,0,4,0.161,0
1036532020,way/1036532020,,residential,,0,0,13.076502,80.20872130000001,47.77,"{'type': 'LineString', 'coordinates': [[80.2085072, 13.0764806], [80.2089354, 13.0765234]]}",209.54,1721.18,0,0,4,0.161,0
1036532021,way/1036532021,,residential,,0,0,13.076260133333335,80.20578256666667,135.48,"{'type': 'LineString', 'coordinates': [[80.2052323, 13.0762], [80.2056723, 13.0762329], [80.2064431, 13.0763475]]}",153.85,1404.36,0,0,4,0.161,1
1079915310,way/1079915310,,service,,0,0,13.069143107692307,80.20520965384615,253.48,"{'type': 'LineString', 'coordinates': [[80.2048426, 13.0691121], [80.2052981, 13.068803], [80.2054583, 13.0686943], [80.2054692, 13.0689214], [80.2054742, 13.0690259], [80.2054797, 13.0691408], [80.2054946, 13.0692051], [80.2054591, 13.0692594], [80.2050399, 13.0695304], [80.2049935, 13.0694319], [80.2049571, 13.0693549], [80.2049166, 13.0692691], [80.2048426, 13.0691121]]}",414.9,1692.65,0,0,5,0.161,0
1079915311,way/1079915311,,service,,0,0,13.069063900000002,80.2052427,72.47,"{'type': 'LineString', 'coordinates': [[80.2054692, 13.0689214], [80.2053423, 13.0690012], [80.2049166, 13.0692691]]}",417.37,1701.05,0,0,5,0.161,0
1079915312,way/1079915312,,service,,0,0,13.069153833333333,80.2052731,68.03,"{'type': 'LineString', 'coordinates': [[80.2049571, 13.0693549], [80.205388, 13.0690807], [80.2054742, 13.0690259]]}",422.04,1697.36,0,0,5,0.161,0
1079915313,way/1079915313,,service,,0,0,13.069246133333332,80.20530376666666,62.9,"{'type': 'LineString', 'coordinates': [[80.2054797, 13.0691408], [80.2054381, 13.0691657], [80.2049935, 13.0694319]]}",426.99,1693.6,0,0,5,0.161,0
1079915314,way/1079915314,,service,,0,0,13.068640850000001,80.2054617,11.89,"{'type': 'LineString', 'coordinates': [[80.2054583, 13.0686943], [80.2054651, 13.0685874]]}",438.59,1749.72,0,0,5,0.161,0
1113565241,way/1113565241,,primary,,0,0,13.0692994,80.20585009999999,27.83,"{'type': 'LineString', 'coordinates': [[80.205912, 13.0694084], [80.2057882, 13.0691904]]}",487.79,1737.82,0,0,2,0.161,0
1113565242,way/1113565242,Koyambedu Flyover,primary,,1,1,13.070849945454546,80.20393288181819,913.18,"{'type': 'LineString', 'coordinates': [[80.2008193, 13.0734304], [80.2014055, 13.0729187], [80.2020866, 13.0723233], [80.2024626, 13.0719967], [80.2035532, 13.0710336], [80.2039942, 13.070634], [80.2045942, 13.0701758], [80.2048803, 13.0699689], [80.2055661, 13.0695196], [80.2065675, 13.0689048], [80.2073322, 13.0684436]]}",366.49,1464.27,0,0,2,0.161,0
1113565243,way/1113565243,Koyambedu Flyover,primary,,1,0,13.0684272,80.207408,19.58,"{'type': 'LineString', 'coordinates': [[80.2073322, 13.0684436], [80.2073905, 13.0684144], [80.2075013, 13.0684236]]}",654.91,1934.28,0,0,2,0.161,0
1113565245,way/1113565245,Koyambedu Flyover,primary,,1,1,13.07099417,80.20363239,1027.7,"{'type': 'LineString', 'coordinates': [[80.2072054, 13.068443], [80.206127, 13.0690898], [80.2050125, 13.0697922], [80.2043207, 13.0702711], [80.2039717, 13.070549], [80.2034983, 13.0709717], [80.2026652, 13.0717239], [80.202137, 13.0721895], [80.2014548, 13.0727858], [80.1999313, 13.0741257]]}",354.57,1428.0,0,0,2,0.161,0
1113565247,way/1113565247,Koyambedu Flyover,primary,,1,0,13.068395633333333,80.20724356666666,14.4,"{'type': 'LineString', 'coordinates': [[80.2072742, 13.0683387], [80.2072511, 13.0684052], [80.2072054, 13.068443]]}",636.79,1921.72,0,0,2,0.161,0
1132139279,way/1132139279,,residential,,0,0,13.077110157142856,80.2128228,333.01,"{'type': 'LineString', 'coordinates': [[80.2118283, 13.0777846], [80.2120847, 13.0776366], [80.2123302, 13.0774596], [80.212638, 13.0771767], [80.2131372, 13.0768648], [80.2133861, 13.076629], [80.2143551, 13.0762198]]}",6.07,2165.8,0,0,4,0.161,1
1142108832,way/1142108832,,residential,,0,0,13.069019433333333,80.21477936666666,53.08,"{'type': 'LineString', 'coordinates': [[80.21476, 13.0687928], [80.2147616, 13.0690001], [80.2148165, 13.0692654]]}",798.61,2610.01,0,0,4,0.161,0
1188036609,way/1188036609,17th street,residential,,0,0,13.07296615,80.20608405,7.87,"{'type': 'LineString', 'coordinates': [[80.2060489, 13.0729708], [80.2061192, 13.0729615]]}",513.8,1550.07,0,0,4,0.161,0
1189118669,way/1189118669,,residential,,0,0,13.076148425,80.21083677499999,60.48,"{'type': 'LineString', 'coordinates': [[80.2111204, 13.0761262], [80.2109976, 13.0761362], [80.210652, 13.0761642], [80.2105771, 13.0761671]]}",208.38,1959.22,0,0,4,0.161,0
1189138096,way/1189138096,,residential,,0,0,13.070313933333333,80.2059135,54.94,"{'type': 'LineString', 'coordinates': [[80.2059869, 13.0705863], [80.2058955, 13.0702471], [80.2058581, 13.0701084]]}",524.19,1677.95,0,0,4,0.161,0
1189138509,way/1189138509,,residential,,0,0,13.07109135,80.20753905000001,40.48,"{'type': 'LineString', 'coordinates': [[80.2073596, 13.0711236], [80.2077185, 13.0710591]]}",723.78,1787.61,0,0,4,0.161,0
1190085873,way/1190085873,,residential,,0,0,13.076668849999999,80.21098791666667,102.73,"{'type': 'LineString', 'coordinates': [[80.2109771, 13.0770576], [80.2109753, 13.0770421], [80.210967, 13.0769656], [80.2110136, 13.0766256], [80.2109969, 13.076186], [80.2109976, 13.0761362]]}",148.28,1968.14,0,0,4,0.161,1
1190086289,way/1190086289,,service,,0,0,13.075339633333334,80.20972546666667,65.11,"{'type': 'LineString', 'coordinates': [[80.2097465, 13.0755491], [80.209742, 13.0755043], [80.2096879, 13.0749655]]}",331.27,1853.64,0,0,5,0.161,0
1190086695,way/1190086695,,residential,,0,0,13.07625485,80.2084563,51.37,"{'type': 'LineString', 'coordinates': [[80.2084054, 13.0760291], [80.2085072, 13.0764806]]}",237.72,1696.38,0,0,4,0.161,0
1190086696,way/1190086696,,service,,0,0,13.0768384,80.20879357999999,151.86,"{'type': 'LineString', 'coordinates': [[80.2090451, 13.0771204], [80.2090483, 13.0770657], [80.2090672, 13.0767443], [80.2090646, 13.0767189], [80.20905, 13.076702], [80.2085739, 13.076632], [80.2085456, 13.0766441], [80.2085264, 13.0766622], [80.2085083, 13.0770276], [80.2085064, 13.0770668]]}",172.01,1724.08,0,0,5,0.161,1
1190097101,way/1190097101,,service,,0,0,13.0736843,80.2121659,94.41,"{'type': 'LineString', 'coordinates': [[80.2125048, 13.0738412], [80.2120598, 13.0738672], [80.212051, 13.0735662], [80.212048, 13.0734626]]}",357.33,2160.06,0,0,5,0.161,0
1190097102,way/1190097102,,service,,0,0,13.073578366666666,80.21188316666667,45.27,"{'type': 'LineString', 'coordinates': [[80.212051, 13.0735662], [80.2119543, 13.0735732], [80.2116442, 13.0735957]]}",381.09,2132.92,0,0,5,0.161,0
1190097506,way/1190097506,,service,,0,0,13.075200433333334,80.21255569166667,181.97,"{'type': 'LineString', 'coordinates': [[80.2131572, 13.0754738], [80.2126468, 13.0756159], [80.2125729, 13.075608], [80.2125305, 13.0755538], [80.212435, 13.0752295], [80.2124538, 13.0751935], [80.2124489, 13.0751091], [80.212411, 13.074996], [80.212405, 13.0749489], [80.2124197, 13.0749142], [80.2124738, 13.0748967], [80.2127137, 13.0748658]]}",186.71,2164.84,0,0,5,0.161,1
1190097507,way/1190097507,,service,,0,0,13.0750279,80.21227145,31.78,"{'type': 'LineString', 'coordinates': [[80.212411, 13.074996], [80.2121319, 13.0750598]]}",219.4,2137.47,0,0,5,0.161,0
1218683969,way/1218683969,,service,,1,0,13.068545899999998,80.206478,53.49,"{'type': 'LineString', 'coordinates': [[80.2065632, 13.068699], [80.2065419, 13.0686608], [80.2063289, 13.0682779]]}",551.42,1844.07,0,0,5,0.161,0
1218685791,way/1218685791,,residential,,0,0,13.0691876,80.20898340000001,82.18,"{'type': 'LineString', 'coordinates': [[80.2093715, 13.0691025], [80.2088021, 13.0691465], [80.2087766, 13.0693138]]}",831.99,2032.22,0,0,4,0.161,0
1218685792,way/1218685792,,residential,,0,0,13.069321633333333,80.20910889999999,78.51,"{'type': 'LineString', 'coordinates': [[80.2094832, 13.0693199], [80.2090669, 13.0693312], [80.2087766, 13.0693138]]}",847.14,2036.4,0,0,4,0.161,0
1218685793,way/1218685793,,residential,,0,0,13.070781400000001,80.21012535,31.15,"{'type': 'LineString', 'coordinates': [[80.2101085, 13.0706421], [80.2101422, 13.0709207]]}",746.51,2059.14,0,0,4,0.161,0
1218687291,way/1218687291,Gandhi Road,residential,,0,0,13.072825183333334,80.21114335,119.69,"{'type': 'LineString', 'coordinates': [[80.2106334, 13.072852], [80.2109616, 13.0727918], [80.2110837, 13.0728304], [80.2111879, 13.0728363], [80.2112986, 13.0728498], [80.2116949, 13.0727908]]}",493.37,2078.97,0,0,4,0.161,0
1222664563,way/1222664563,,residential,,0,0,13.069525200000001,80.21093096666668,76.67,"{'type': 'LineString', 'coordinates': [[80.2105623, 13.0696036], [80.2109915, 13.0695015], [80.2112391, 13.0694705]]}",834.3,2201.62,0,0,4,0.161,0
1222664564,way/1222664564,,residential,,0,0,13.0696639,80.21125686666666,52.42,"{'type': 'LineString', 'coordinates': [[80.2112391, 13.0694705], [80.211246, 13.0695808], [80.2112855, 13.0699404]]}",805.83,2226.66,0,0,4,0.161,0
1222665790,way/1222665790,,residential,,0,0,13.069395728571427,80.21227697142857,97.36,"{'type': 'LineString', 'coordinates': [[80.2123288, 13.0689533], [80.2123005, 13.0691985], [80.2122694, 13.0692888], [80.2122519, 13.0693774], [80.2122512, 13.069512], [80.2122533, 13.0696206], [80.2122837, 13.0698195]]}",796.52,2341.2,0,0,4,0.161,0
1222667318,way/1222667318,,service,,0,0,13.075237075,80.21450425,48.37,"{'type': 'LineString', 'coordinates': [[80.2145578, 13.0753834], [80.2145398, 13.0753341], [80.2145114, 13.0752566], [80.214408, 13.0749742]]}",107.99,2377.14,0,0,5,0.161,1
1222667319,way/1222667319,,service,,0,0,13.075188875,80.214870725,67.21,"{'type': 'LineString', 'coordinates': [[80.215018, 13.0752527], [80.215005, 13.0752115], [80.2149845, 13.0751465], [80.2149737, 13.0751371], [80.2149566, 13.0751327], [80.2149245, 13.07514], [80.2145921, 13.0752339], [80.2145114, 13.0752566]]}",119.56,2418.14,0,0,5,0.161,1
1246776637,way/1246776637,,residential,,0,0,13.076620155,80.211235975,226.72,"{'type': 'LineString', 'coordinates': [[80.2111473, 13.0770217], [80.2111536, 13.0769079], [80.2111554, 13.0768745], [80.2111461, 13.0768527], [80.2111274, 13.076819], [80.2111132, 13.07679], [80.211095, 13.0762333], [80.2111055, 13.0761884], [80.2111281, 13.0761602], [80.2111866, 13.0761459], [80.2113823, 13.0761453], [80.2113986, 13.0761621], [80.2114007, 13.0762211], [80.2113701, 13.0767321], [80.211359, 13.0767652], [80.211339, 13.0767925], [80.2113008, 13.0768258], [80.2112793, 13.0768498], [80.2112695, 13.0769075], [80.211262, 13.0770081]]}",144.59,1996.12,0,0,4,0.161,1
1246777790,way/1246777790,,residential,,0,0,13.07426825,80.20797775,32.32,"{'type': 'LineString', 'coordinates': [[80.2080077, 13.0744107], [80.2079478, 13.0741258]]}",443.87,1695.4,0,0,4,0.161,0
1246777791,way/1246777791,,residential,,0,0,13.074755333333334,80.2077823,50.55,"{'type': 'LineString', 'coordinates': [[80.2077261, 13.0745295], [80.2077864, 13.0747647], [80.2078344, 13.0749718]]}",385.62,1659.36,0,0,4,0.161,0
1254580132,way/1254580132,,service,,0,0,13.06997795,80.21462595,44.4,"{'type': 'LineString', 'coordinates': [[80.2144281, 13.0699486], [80.2148238, 13.0700073]]}",691.81,2551.99,0,0,5,0.161,0
1268548600,way/1268548600,,residential,,0,0,13.07161565,80.20525215,22.97,"{'type': 'LineString', 'coordinates': [[80.2052075, 13.0715223], [80.2052968, 13.071709]]}",532.98,1538.3,0,0,4,0.161,0
1268552639,way/1268552639,,residential,,0,0,13.07155305,80.20911525,44.08,"{'type': 'LineString', 'coordinates': [[80.2091012, 13.071355], [80.2091293, 13.0717511]]}",738.63,1921.29,0,0,4,0.161,0
1268566767,way/1268566767,,residential,,0,0,13.0711561,80.21200725,16.89,"{'type': 'LineString', 'coordinates': [[80.2120822, 13.071143], [80.2119323, 13.0711692]]}",621.12,2233.42,0,0,4,0.161,0
1268566768,way/1268566768,,residential,,0,0,13.07113755,80.2121405,13.0,"{'type': 'LineString', 'coordinates': [[80.2120822, 13.071143], [80.2121988, 13.0711321]]}",617.89,2247.89,0,0,4,0.161,0
1268568503,way/1268568503,,residential,,0,0,13.07019425,80.2111081,61.02,"{'type': 'LineString', 'coordinates': [[80.2111689, 13.0704623], [80.2110473, 13.0699262]]}",758.55,2185.69,0,0,4,0.161,0
1268569376,way/1268569376,,residential,,0,0,13.072131453333332,80.21325214,81.49,"{'type': 'LineString', 'coordinates': [[80.213316, 13.0718352], [80.213317, 13.0719143], [80.2132853, 13.0719492], [80.2132488, 13.0719842], [80.2132217, 13.0720189], [80.2132081, 13.0720419], [80.2132104, 13.0720701], [80.2132399, 13.0721072], [80.2132673, 13.0721515], [80.2132718, 13.0721899], [80.2132611, 13.0722267], [80.2132333, 13.0722913], [80.213221, 13.0723212], [80.2132277, 13.0723728], [80.2132527, 13.0724974]]}",474.29,2325.38,0,0,4,0.161,0
1268991746,way/1268991746,Gandhi Road,residential,,0,0,13.073845233333332,80.20684733333333,69.41,"{'type': 'LineString', 'coordinates': [[80.2064605, 13.0739334], [80.207013, 13.0738121], [80.2070685, 13.0737902]]}",444.5,1591.43,0,0,4,0.161,0
1268995385,way/1268995385,,service,,0,0,13.0753249875,80.20792333749999,26.21,"{'type': 'LineString', 'coordinates': [[80.2080312, 13.0752928], [80.207995, 13.0752989], [80.2079438, 13.0753071], [80.2079212, 13.0753106], [80.2078938, 13.0753167], [80.2078756, 13.0753267], [80.2078661, 13.075347], [80.20786, 13.0754001]]}",334.47,1658.75,0,0,5,0.161,0
1268996345,way/1268996345,,residential,,0,0,13.073664449999999,80.20794029999999,38.45,"{'type': 'LineString', 'coordinates': [[80.2079131, 13.0734934], [80.2079675, 13.0738355]]}",505.53,1712.42,0,0,4,0.161,0
1268997011,way/1268997011,,residential,,0,0,13.07462095,80.20582024999999,31.58,"{'type': 'LineString', 'coordinates': [[80.2058529, 13.0747594], [80.2057876, 13.0744825]]}",329.41,1455.39,0,0,4,0.161,0
1284852225,way/1284852225,,residential,,0,0,13.075958700000001,80.208925525,102.5,"{'type': 'LineString', 'coordinates': [[80.208917, 13.0756002], [80.2089199, 13.0756945], [80.2089298, 13.0760167], [80.2089354, 13.0765234]]}",269.85,1753.32,0,0,4,0.161,0
1287586755,way/1287586755,EVR Periyar Salai,primary,asphalt,1,0,13.076935084615384,80.2076787576923,843.86,"{'type': 'LineString', 'coordinates': [[80.211262, 13.0770081], [80.2111473, 13.0770217], [80.2109753, 13.0770421], [80.2106543, 13.0770826], [80.2099689, 13.0771132], [80.2096591, 13.0771282], [80.2090451, 13.0771204], [80.2089639, 13.0771194], [80.2085064, 13.0770668], [80.2084694, 13.0770625], [80.2083522, 13.077049], [80.2080136, 13.0770371], [80.2079745, 13.0770357], [80.2079289, 13.0770341], [80.2076411, 13.0770239], [80.207536, 13.0770202], [80.2072498, 13.0770089], [80.2069314, 13.0769988], [80.2066779, 13.0769768], [80.2063433, 13.0769195], [80.2051543, 13.0767159], [80.2046478, 13.0766292], [80.2046089, 13.0766227], [80.2043985, 13.0765876], [80.2038162, 13.0764547], [80.2037216, 13.0764331]]}",162.22,1599.97,0,0,2,0.161,1
1289801585,way/1289801585,,service,,0,0,13.069047285714285,80.20539725714285,81.07,"{'type': 'LineString', 'coordinates': [[80.205615, 13.0693171], [80.2054946, 13.0692051], [80.2054381, 13.0691657], [80.205388, 13.0690807], [80.2053423, 13.0690012], [80.2052981, 13.068803], [80.2052047, 13.0687582]]}",434.19,1715.52,0,0,5,0.161,0
1289801586,way/1289801586,,service,,0,0,13.068383,80.20509675,96.87,"{'type': 'LineString', 'coordinates': [[80.2051118, 13.0688191], [80.2050817, 13.0679469]]}",398.83,1737.72,0,0,5,0.161,0
1290162105,way/1290162105,Jawaharlal Nehru Road (100 Feet Road),primary,,1,0,13.069524399999999,80.20525624999999,91.98,"{'type': 'LineString', 'coordinates': [[80.205615, 13.0693171], [80.2048975, 13.0697317]]}",428.07,1670.33,0,0,2,0.161,0
1298004771,way/1298004771,,residential,,0,0,13.073440110000002,80.20462869,108.02,"{'type': 'LineString', 'coordinates': [[80.2047355, 13.0736249], [80.2047275, 13.0735768], [80.2047175, 13.0735125], [80.2046737, 13.0732213], [80.2046394, 13.0732109], [80.204538, 13.0732213], [80.2045203, 13.0732661], [80.2045669, 13.0735355], [80.2045797, 13.073593], [80.2045884, 13.0736388]]}",435.3,1381.4,0,0,4,0.161,0
1298004773,way/1298004773,,footway,,0,0,13.073582733333334,80.20465516666667,12.25,"{'type': 'LineString', 'coordinates': [[80.2046625, 13.073633], [80.2046566, 13.0735914], [80.2046464, 13.0735238]]}",419.82,1377.37,0,0,5,0.161,0
1298015088,way/1298015088,,residential,,0,0,13.0737458,80.20459250833333,63.45,"{'type': 'LineString', 'coordinates': [[80.2044909, 13.0736488], [80.2044937, 13.0736871], [80.2044954, 13.0736985], [80.2045067, 13.0737729], [80.2045263, 13.0738465], [80.2045459, 13.0738589], [80.2046744, 13.0738417], [80.2046885, 13.073828], [80.2046919, 13.0738115], [80.2046676, 13.073665], [80.2046663, 13.0736577], [80.2046625, 13.073633]]}",401.14,1363.55,0,0,4,0.161,0
1298015089,way/1298015089,,residential,,0,0,13.073681833333334,80.20458096666665,19.47,"{'type': 'LineString', 'coordinates': [[80.2044954, 13.0736985], [80.2045273, 13.0736923], [80.2045595, 13.073686], [80.204596, 13.0736789], [80.20464, 13.0736703], [80.2046676, 13.073665]]}",408.08,1365.3,0,0,4,0.161,0
1298015091,way/1298015091,,residential,,0,0,13.07365355,80.20463774999999,3.98,"{'type': 'LineString', 'coordinates': [[80.20464, 13.0736703], [80.2046386, 13.073662], [80.2046369, 13.0736472], [80.2046355, 13.0736347]]}",411.81,1372.34,0,0,4,0.161,0
1298015093,way/1298015093,,residential,,0,0,13.0736621,80.20459283333334,4.53,"{'type': 'LineString', 'coordinates': [[80.204596, 13.0736789], [80.2045941, 13.0736686], [80.2045884, 13.0736388]]}",410.39,1367.41,0,0,4,0.161,0
1298017859,way/1298017859,,residential,,0,0,13.07266995,80.20586660000001,6.9,"{'type': 'LineString', 'coordinates': [[80.2058576, 13.0726402], [80.2058756, 13.0726997]]}",539.1,1542.29,0,0,4,0.161,0
1298017860,way/1298017860,,residential,,0,0,13.0732345,80.205842925,40.83,"{'type': 'LineString', 'coordinates': [[80.2058747, 13.0733693], [80.2058555, 13.0732878], [80.2058513, 13.0732696], [80.2057902, 13.0730113]]}",477.75,1513.43,0,0,4,0.161,0
1298023933,way/1298023933,,service,,0,0,13.07590285,80.213122,51.22,"{'type': 'LineString', 'coordinates': [[80.2133326, 13.0758086], [80.2129114, 13.0759971]]}",89.23,2214.14,0,0,5,0.161,1
1298023934,way/1298023934,,service,,0,0,13.07526445,80.2123002,30.92,"{'type': 'LineString', 'coordinates': [[80.212435, 13.0752295], [80.2121654, 13.0752994]]}",196.08,2135.66,0,0,5,0.161,1
1298023935,way/1298023935,,service,,1,0,13.074813604761905,80.21277301428572,52.66,"{'type': 'LineString', 'coordinates': [[80.2127325, 13.0747556], [80.2127132, 13.0747726], [80.2127008, 13.0747949], [80.2126967, 13.07482], [80.2127016, 13.074845], [80.2127137, 13.0748658], [80.212732, 13.0748818], [80.2127546, 13.0748914], [80.2127791, 13.0748935], [80.2128031, 13.074888], [80.212824, 13.0748754], [80.2128397, 13.074857], [80.2128487, 13.0748347], [80.21285, 13.0748107], [80.2128434, 13.0747876], [80.2128287, 13.0747667], [80.2128076, 13.0747517], [80.2127922, 13.0747473], [80.2127826, 13.0747445], [80.2127566, 13.0747459], [80.2127325, 13.0747556]]}",215.32,2196.74,0,0,5,0.161,0
1298023936,way/1298023936,,service,,0,0,13.0754698,80.2131702625,135.62,"{'type': 'LineString', 'coordinates': [[80.2128487, 13.0748347], [80.2129213, 13.0749149], [80.2130927, 13.0752811], [80.2131572, 13.0754738], [80.213259, 13.075686], [80.2133326, 13.0758086], [80.2133522, 13.0758412], [80.2133984, 13.0759181]]}",130.76,2226.83,0,0,5,0.161,1
1298023937,way/1298023937,,service,,0,0,13.0737034,80.21196685000001,29.04,"{'type': 'LineString', 'coordinates': [[80.2119543, 13.0735732], [80.2119794, 13.0738336]]}",364.58,2138.18,0,0,5,0.161,0
1298023938,way/1298023938,,residential,,0,0,13.07451005,80.21356065,75.29,"{'type': 'LineString', 'coordinates': [[80.213666, 13.0748324], [80.2134553, 13.0741877]]}",212.79,2289.19,0,0,4,0.161,0
1298023939,way/1298023939,,service,,0,0,13.0739851,80.21356043333334,101.83,"{'type': 'LineString', 'coordinates': [[80.2134489, 13.0734811], [80.21366, 13.0739806], [80.2136841, 13.0740304], [80.21367, 13.0740746], [80.2134443, 13.0741562], [80.2134553, 13.0741877]]}",268.12,2301.9,0,0,5,0.161,0
1298023940,way/1298023940,,service,,0,0,13.074904266666666,80.21232416666666,22.86,"{'type': 'LineString', 'coordinates': [[80.2124197, 13.0749142], [80.2123372, 13.0748969], [80.2122156, 13.0749017]]}",227.97,2145.91,0,0,5,0.161,0
1298025001,way/1298025001,,residential,,0,0,13.0706523,80.21299076666666,30.61,"{'type': 'LineString', 'coordinates': [[80.2131204, 13.0706647], [80.2130061, 13.0706517], [80.2128458, 13.0706405]]}",640.01,2355.65,0,0,4,0.161,0
1298025002,way/1298025002,,residential,,0,0,13.070736799999999,80.2122668,38.67,"{'type': 'LineString', 'coordinates': [[80.2124363, 13.0706967], [80.2120973, 13.0707769]]}",655.53,2277.92,0,0,4,0.161,0
1298026917,way/1298026917,Seethamma Avenue,residential,,0,0,13.0700679,80.2150061,23.74,"{'type': 'LineString', 'coordinates': [[80.2151128, 13.0700752], [80.2148994, 13.0700606]]}",683.81,2587.29,0,0,4,0.161,0
1298026918,way/1298026918,Seethamma Avenue,residential,,0,0,13.0700677,80.21537405,12.31,"{'type': 'LineString', 'coordinates': [[80.2154291, 13.070061], [80.215319, 13.0700744]]}",688.21,2625.23,0,0,4,0.161,0
1298043001,way/1298043001,,residential,,0,0,13.070569400000002,80.21385529999999,79.37,"{'type': 'LineString', 'coordinates': [[80.2141979, 13.0705211], [80.2138789, 13.070577], [80.2134891, 13.0706101]]}",630.5,2448.0,0,0,4,0.161,0
1298044806,way/1298044806,Water Tank Road,tertiary,,0,0,13.068795166666668,80.21481276666667,96.9,"{'type': 'LineString', 'coordinates': [[80.2152752, 13.068816], [80.21476, 13.0687928], [80.2144031, 13.0687767]]}",823.62,2623.79,0,0,3,0.161,0
1327647481,way/1327647481,Chennai Port-Maduravoyal Expressway,construction,,1,1,13.070826761195361,80.23000371195361,20909.97,"{'type': 'LineString', 'coordinates': [[80.1535181, 13.0607513], [80.1542719, 13.0606173], [80.154454, 13.060589], [80.1545454, 13.060577], [80.1546371, 13.060567], [80.154729, 13.0605592], [80.1548211, 13.060554], [80.1549133, 13.0605519], [80.1550055, 13.0605529], [80.1550976, 13.0605572], [80.1551895, 13.0605648], [80.1552811, 13.0605755], [80.1553722, 13.0605894], [80.1554627, 13.0606065], [80.1555526, 13.0606268], [80.1556417, 13.0606502], [80.1557299, 13.0606767], [80.155817, 13.0607063], [80.1559031, 13.0607388], [80.1559881, 13.0607738], [80.1560721, 13.0608111], [80.1561553, 13.0608503], [80.1563194, 13.0609328], [80.1568859, 13.0612364], [80.1570487, 13.0613212], [80.1571311, 13.0613619], [80.1572144, 13.0614007], [80.1572988, 13.0614372], [80.1573843, 13.061471], [80.1574711, 13.0615016], [80.1575591, 13.0615285], [80.1576484, 13.0615513], [80.1577386, 13.0615699], [80.1578297, 13.0615842], [80.1579213, 13.0615943], [80.1580134, 13.0616001], [80.1581056, 13.0616021], [80.1581978, 13.0616005], [80.1582899, 13.061596], [80.1583818, 13.061589], [80.1584736, 13.06158], [80.1586567, 13.0615578], [80.1598671, 13.0613945], [80.1600274, 13.0613745], [80.1602109, 13.0613557], [80.1603027, 13.0613479], [80.1603947, 13.0613411], [80.1605789, 13.0613307], [80.1607857, 13.0613241], [80.1623308, 13.0612951], [80.1639907, 13.0612693], [80.1640829, 13.0612692], [80.1641752, 13.061271], [80.1643187, 13.0612788], [80.1644507, 13.0612935], [80.1645418, 13.0613081], [80.1646321, 13.0613262], [80.1647217, 13.0613478], [80.1648103, 13.0613729], [80.1648977, 13.0614015], [80.164984, 13.0614335], [80.1650689, 13.0614688], [80.1651523, 13.0615075], [80.165234, 13.0615493], [80.165314, 13.0615944], [80.165392, 13.0616425], [80.1654681, 13.0616937], [80.1655419, 13.0617478], [80.1656136, 13.0618048], [80.1656828, 13.0618645], [80.1657496, 13.0619268], [80.1658145, 13.0619911], [80.1658778, 13.0620568], [80.166126, 13.0623244], [80.1662534, 13.0624552], [80.1663185, 13.0625192], [80.1663846, 13.0625823], [80.1665194, 13.0627057], [80.1666578, 13.0628252], [80.1667233, 13.0628794], [80.1676598, 13.0636236], [80.1678055, 13.0637345], [80.1678802, 13.0637876], [80.1679449, 13.0638307], [80.168035, 13.0638857], [80.1681153, 13.0639302], [80.1681973, 13.0639715], [80.168281, 13.0640096], [80.1683661, 13.0640443], [80.1684526, 13.0640757], [80.1685403, 13.0641037], [80.1686291, 13.0641282], [80.1687188, 13.0641492], [80.1688093, 13.0641667], [80.1689004, 13.0641806], [80.168992, 13.0641909], [80.1690651, 13.0641965], [80.1691762, 13.0642009], [80.1692684, 13.0642015], [80.1693606, 13.0642001], [80.1702823, 13.0641672], [80.1703938, 13.0641645], [80.1705589, 13.064165], [80.1706511, 13.0641689], [80.170743, 13.0641762], [80.1708345, 13.0641873], [80.1709255, 13.0642023], [80.1710156, 13.0642212], [80.1711049, 13.0642439], [80.1711931, 13.0642704], [80.17128, 13.0643006], [80.1713655, 13.0643345], [80.1714494, 13.064372], [80.1715316, 13.0644131], [80.171612, 13.0644574], [80.1717071, 13.0645145], [80.1718448, 13.0646039], [80.1753973, 13.0670391], [80.1755514, 13.0671385], [80.1756302, 13.0671855], [80.1757219, 13.0672361], [80.1757924, 13.0672714], [80.175876, 13.0673096], [80.1759611, 13.0673445], [80.1760475, 13.067376], [80.1761352, 13.0674042], [80.1762239, 13.0674288], [80.1763136, 13.06745], [80.176404, 13.0674676], [80.1764951, 13.0674816], [80.1765883, 13.0674923], [80.1766787, 13.0674991], [80.1767708, 13.067503], [80.1768631, 13.0675046], [80.1769553, 13.0675043], [80.177294, 13.0674974], [80.1774164, 13.0674969], [80.1775086, 13.0674987], [80.1776007, 13.0675031], [80.1776926, 13.0675107], [80.1777841, 13.0675222], [80.177875, 13.0675375], [80.1779651, 13.0675567], [80.1780543, 13.0675797], [80.1781424, 13.0676065], [80.1782292, 13.067637], [80.1783146, 13.0676712], [80.1783983, 13.067709], [80.1784386, 13.0677287], [80.1785607, 13.0677947], [80.1786395, 13.0678417], [80.1787937, 13.067941], [80.1816774, 13.0698938], [80.1818299, 13.0699954], [80.1820196, 13.0701149], [80.1822215, 13.0702341], [80.182382, 13.0703232], [80.1824631, 13.0703663], [80.1826201, 13.0704465], [80.1827093, 13.0704901], [80.1827923, 13.0705294], [80.1829598, 13.0706053], [80.183129, 13.0706772], [80.1832999, 13.0707452], [80.183386, 13.0707778], [80.1835592, 13.0708398], [80.1836464, 13.0708694], [80.1838218, 13.0709254], [80.1839985, 13.0709774], [80.1841764, 13.0710253], [80.1842657, 13.0710477], [80.185522, 13.0713403], [80.185701, 13.0713839], [80.1858792, 13.0714306], [80.1861448, 13.0715066], [80.1863207, 13.0715613], [80.1865825, 13.071649], [80.1867556, 13.0717114], [80.1869276, 13.0717769], [80.1870983, 13.0718454], [80.1873519, 13.0719539], [80.1874911, 13.0720169], [80.1884371, 13.0724537], [80.1885199, 13.0724935], [80.1886019, 13.072535], [80.188683, 13.072578], [80.1887632, 13.0726227], [80.1888424, 13.072669], [80.1889207, 13.0727169], [80.1890741, 13.0728172], [80.1892232, 13.0729236], [80.1892961, 13.072979], [80.1893678, 13.0730359], [80.1894383, 13.0730942], [80.1895076, 13.0731539], [80.1895756, 13.073215], [80.1897078, 13.0733411], [80.1897719, 13.0734061], [80.1898346, 13.0734724], [80.1898959, 13.07354], [80.1899681, 13.0736232], [80.1900712, 13.0737497], [80.1901267, 13.073822], [80.1902332, 13.0739696], [80.1902841, 13.074045], [80.1903811, 13.0741988], [80.1904272, 13.0742772], [80.1904716, 13.0743564], [80.1905144, 13.0744365], [80.1905555, 13.0745174], [80.1905949, 13.0745992], [80.1906327, 13.0746817], [80.1906686, 13.0747649], [80.1907029, 13.0748489], [80.1907354, 13.0749335], [80.1907661, 13.0750188], [80.190795, 13.0751046], [80.1908222, 13.075191], [80.1913964, 13.0770989], [80.1914509, 13.0772717], [80.19148, 13.0773575], [80.1915107, 13.0774427], [80.1915436, 13.0775272], [80.1915788, 13.0776107], [80.1916169, 13.0776931], [80.191658, 13.077774], [80.1917024, 13.0778533], [80.19175, 13.0779307], [80.1918008, 13.0780062], [80.1918545, 13.0780797], [80.1919112, 13.078151], [80.1919708, 13.07822], [80.1920332, 13.0782866], [80.1920982, 13.0783508], [80.1921658, 13.0784123], [80.1922358, 13.0784711], [80.1923082, 13.0785272], [80.1923828, 13.0785803], [80.1924595, 13.0786305], [80.1925382, 13.0786776], [80.1926187, 13.0787217], [80.192701, 13.0787625], [80.1927849, 13.0788], [80.1928703, 13.0788343], [80.192957, 13.0788652], [80.1930449, 13.0788926], [80.1931338, 13.0789166], [80.1932236, 13.0789371], [80.1933142, 13.078954], [80.1934054, 13.0789674], [80.1934971, 13.0789772], [80.1935891, 13.0789834], [80.1936692, 13.0789858], [80.1937735, 13.078985], [80.1938657, 13.0789809], [80.1939647, 13.0789734], [80.1941409, 13.0789537], [80.1943234, 13.0789272], [80.1945054, 13.0788977], [80.2016916, 13.0777155], [80.2026137, 13.0775644], [80.202705, 13.0775513], [80.2028881, 13.0775294], [80.2030718, 13.077513], [80.2031638, 13.0775068], [80.2033481, 13.0774988], [80.2034403, 13.0774968], [80.2036248, 13.077497], [80.2038092, 13.0775029], [80.2039013, 13.0775079], [80.2039933, 13.0775142], [80.2041769, 13.0775312], [80.2042685, 13.0775417], [80.2044512, 13.0775669], [80.204633, 13.0775976], [80.2047235, 13.077615], [80.2049036, 13.0776539], [80.2050825, 13.0776982], [80.2051713, 13.0777224], [80.2053479, 13.0777747], [80.2055227, 13.0778324], [80.2064891, 13.0781763], [80.2066507, 13.0782313], [80.2068266, 13.0782855], [80.2070042, 13.0783344], [80.2071833, 13.0783779], [80.2073636, 13.0784159], [80.207545, 13.0784486], [80.2077274, 13.0784757], [80.2078189, 13.0784872], [80.2080024, 13.0785061], [80.2081863, 13.0785194], [80.2082784, 13.078524], [80.2084628, 13.078529], [80.2086473, 13.0785284], [80.2087395, 13.078526], [80.2089238, 13.0785171], [80.2091076, 13.0785026], [80.209291, 13.0784826], [80.2094736, 13.0784571], [80.2096553, 13.078426], [80.209836, 13.0783896], [80.2100154, 13.0783476], [80.2101935, 13.0783003], [80.2103699, 13.0782476], [80.2104575, 13.0782193], [80.2106313, 13.0781587], [80.2108031, 13.0780929], [80.2109728, 13.078022], [80.2111402, 13.077946], [80.2113051, 13.0778649], [80.2113866, 13.0778225], [80.2114931, 13.0777647], [80.2130722, 13.0768872], [80.2132346, 13.0768015], [80.2133173, 13.0767613], [80.2134012, 13.0767238], [80.2134866, 13.0766896], [80.2135735, 13.0766594], [80.2136619, 13.0766338], [80.2137518, 13.0766137], [80.2138429, 13.0765995], [80.2139347, 13.0765912], [80.2140269, 13.076589], [80.2141191, 13.0765928], [80.2142108, 13.0766025], [80.2143016, 13.0766183], [80.2143911, 13.0766399], [80.214479, 13.0766674], [80.2145648, 13.0767005], [80.2146481, 13.0767392], [80.2147287, 13.0767832], [80.2148061, 13.0768324], [80.2148799, 13.0768865], [80.21495, 13.0769453], [80.2150158, 13.0770086], [80.2150773, 13.077076], [80.215134, 13.0771473], [80.2151857, 13.0772221], [80.2152322, 13.0773002], [80.2152785, 13.0773922], [80.215309, 13.0774645], [80.2153394, 13.0775498], [80.2153661, 13.07764], [80.2153869, 13.0777245], [80.2154052, 13.0778131], [80.2154208, 13.0779022], [80.2154461, 13.0780813], [80.2154922, 13.0784402], [80.215521, 13.0786188], [80.2155384, 13.0787076], [80.2155584, 13.0787959], [80.2155813, 13.0788834], [80.2156076, 13.0789701], [80.2156376, 13.0790556], [80.2156714, 13.0791397], [80.2157089, 13.0792223], [80.21575, 13.0793033], [80.2157946, 13.0793824], [80.2158427, 13.0794595], [80.2158942, 13.0795345], [80.215949, 13.0796072], [80.216007, 13.0796776], [80.216068, 13.0797454], [80.2161319, 13.0798105], [80.2161987, 13.0798729], [80.2162682, 13.0799323], [80.2163402, 13.0799888], [80.2164147, 13.0800421], [80.2164915, 13.0800922], [80.2165705, 13.0801389], [80.2166514, 13.0801823], [80.2167342, 13.0802222], [80.2168186, 13.0802585], [80.2169046, 13.0802911], [80.216992, 13.0803201], [80.2170806, 13.0803453], [80.2171702, 13.0803668], [80.2172606, 13.0803844], [80.2173518, 13.0803981], [80.2174435, 13.0804079], [80.2175619, 13.0804148], [80.2176277, 13.0804158], [80.2177199, 13.0804138], [80.217812, 13.080408], [80.2179037, 13.0803982], [80.2179948, 13.0803845], [80.2180853, 13.0803669], [80.2181749, 13.0803455], [80.2182635, 13.0803203], [80.2183509, 13.0802914], [80.2184369, 13.0802587], [80.2185213, 13.0802224], [80.2186041, 13.0801826], [80.2186851, 13.0801393], [80.218764, 13.0800925], [80.2188408, 13.0800425], [80.2189153, 13.0799892], [80.2189874, 13.0799328], [80.2190569, 13.0798733], [80.219124, 13.0798107], [80.2191878, 13.0797459], [80.2192492, 13.0796785], [80.2193082, 13.079609], [80.2193652, 13.0795379], [80.2194204, 13.0794655], [80.2195269, 13.0793178], [80.2205843, 13.0777791], [80.220715, 13.077595], [80.2208247, 13.0774496], [80.2209381, 13.0773069], [80.2210551, 13.0771672], [80.2212958, 13.0768931], [80.2213542, 13.0768231], [80.2214103, 13.0767513], [80.2214641, 13.0766778], [80.2215155, 13.0766028], [80.2215645, 13.0765262], [80.221611, 13.0764481], [80.221655, 13.0763687], [80.2216965, 13.0762879], [80.2217354, 13.0762059], [80.2217716, 13.0761228], [80.2218052, 13.0760386], [80.2218361, 13.0759534], [80.2218642, 13.0758673], [80.2218896, 13.0757803], [80.2219122, 13.0756927], [80.221932, 13.0756044], [80.2219443, 13.0755414], [80.2223057, 13.0735573], [80.2223238, 13.0734686], [80.2223437, 13.0733803], [80.222366, 13.0732926], [80.2223911, 13.0732056], [80.2224197, 13.0731196], [80.2224521, 13.073035], [80.2224886, 13.072952], [80.2225291, 13.0728708], [80.2225736, 13.0727915], [80.2226218, 13.0727144], [80.2226737, 13.0726397], [80.2227291, 13.0725675], [80.222788, 13.0724979], [80.2228502, 13.0724312], [80.2229156, 13.0723674], [80.222984, 13.0723068], [80.2230553, 13.0722494], [80.2231293, 13.0721954], [80.2232058, 13.072145], [80.2232847, 13.0720981], [80.2233658, 13.072055], [80.2234489, 13.0720157], [80.2235337, 13.0719804], [80.2236202, 13.071949], [80.2237082, 13.0719218], [80.2237973, 13.0718986], [80.2238875, 13.0718797], [80.2239785, 13.0718649], [80.2240701, 13.0718545], [80.2241621, 13.0718481], [80.2242543, 13.0718455], [80.2243465, 13.0718459], [80.2244198, 13.071848], [80.2245308, 13.0718537], [80.2247148, 13.0718668], [80.2280246, 13.0721269], [80.2281166, 13.0721329], [80.2282088, 13.072137], [80.228301, 13.072138], [80.2283932, 13.0721349], [80.228485, 13.0721269], [80.2285761, 13.0721128], [80.2286212, 13.0721032], [80.2286658, 13.0720918], [80.2287093, 13.0720787], [80.2287521, 13.0720636], [80.2287958, 13.0720457], [80.2288374, 13.0720262], [80.2288779, 13.0720047], [80.2289173, 13.0719812], [80.2289555, 13.0719558], [80.2289923, 13.0719286], [80.2290277, 13.0718996], [80.2290615, 13.0718689], [80.2290938, 13.0718366], [80.2291243, 13.0718027], [80.2291531, 13.0717674], [80.2291801, 13.0717307], [80.2292051, 13.0716928], [80.2292282, 13.0716537], [80.2292493, 13.0716135], [80.2292683, 13.0715723], [80.2292852, 13.0715302], [80.2292999, 13.0714873], [80.2293124, 13.0714438], [80.2293226, 13.0713998], [80.2293306, 13.0713552], [80.2293364, 13.0713104], [80.2293398, 13.0712653], [80.2293409, 13.0712201], [80.2293397, 13.0711736], [80.2293363, 13.0711299], [80.2293297, 13.0710799], [80.2293225, 13.0710405], [80.2293123, 13.0709964], [80.2293001, 13.0709528], [80.229286, 13.0709097], [80.2292703, 13.0708673], [80.2292342, 13.0707841], [80.229193, 13.0707032], [80.2291476, 13.0706245], [80.2290991, 13.0705476], [80.2289963, 13.0703974], [80.2284709, 13.0696543], [80.2283694, 13.0695033], [80.2283219, 13.0694258], [80.2282776, 13.0693465], [80.2282376, 13.0692651], [80.2282027, 13.0691814], [80.228174, 13.0690955], [80.2281538, 13.0690137], [80.2281448, 13.068963], [80.2281392, 13.0689181], [80.2281356, 13.068873], [80.2281342, 13.0688279], [80.2281348, 13.0687827], [80.2281375, 13.0687375], [80.2281423, 13.0686926], [80.2281492, 13.0686479], [80.2281582, 13.0686035], [80.2281692, 13.0685596], [80.2281822, 13.0685163], [80.2281973, 13.0684735], [80.2282142, 13.0684315], [80.2282332, 13.0683903], [80.228254, 13.0683499], [80.2282766, 13.0683106], [80.2283011, 13.0682722], [80.2283273, 13.0682351], [80.2283552, 13.0681991], [80.2283848, 13.0681644], [80.2284159, 13.068131], [80.2284485, 13.0680991], [80.2284826, 13.0680686], [80.2285181, 13.0680397], [80.2285548, 13.0680125], [80.2285928, 13.0679868], [80.228632, 13.0679629], [80.2286722, 13.0679408], [80.2287134, 13.0679205], [80.2287555, 13.067902], [80.2287984, 13.0678855], [80.228842, 13.0678708], [80.2288863, 13.0678581], [80.2289311, 13.0678474], [80.2289763, 13.0678387], [80.2290219, 13.0678321], [80.2291138, 13.0678247], [80.229206, 13.0678248], [80.229298, 13.0678313], [80.2293894, 13.0678433], [80.2294801, 13.0678598], [80.22957, 13.06788], [80.2297479, 13.0679277], [80.2306318, 13.0681862], [80.230809, 13.0682361], [80.2309875, 13.0682817], [80.2310774, 13.0683019], [80.2311678, 13.0683201], [80.2312586, 13.0683361], [80.2313497, 13.06835], [80.2314411, 13.0683618], [80.2315328, 13.0683715], [80.2316247, 13.068379], [80.2317168, 13.0683843], [80.231809, 13.0683875], [80.2319012, 13.0683886], [80.2319934, 13.0683875], [80.2320856, 13.0683843], [80.2321777, 13.0683789], [80.2322696, 13.0683713], [80.2324022, 13.0683566], [80.2325439, 13.0683359], [80.2326346, 13.0683198], [80.232725, 13.0683016], [80.2328148, 13.0682813], [80.2329042, 13.0682589], [80.2330614, 13.0682141], [80.2331687, 13.0681793], [80.2332554, 13.0681487], [80.2333415, 13.0681161], [80.2334267, 13.0680815], [80.233511, 13.0680448], [80.2335944, 13.0680063], [80.2337134, 13.0679471], [80.2338387, 13.067879], [80.233918, 13.0678329], [80.2340186, 13.0677706], [80.234149, 13.0676837], [80.234224, 13.0676311], [80.2343721, 13.0675232], [80.2350334, 13.0670314], [80.2351825, 13.0669249], [80.2352583, 13.0668733], [80.2353351, 13.0668233], [80.2354008, 13.0667826], [80.2354925, 13.0667291], [80.2355732, 13.0666852], [80.235655, 13.0666436], [80.235738, 13.0666041], [80.2358221, 13.066567], [80.2359072, 13.0665321], [80.2359933, 13.0664996], [80.2360802, 13.0664695], [80.236168, 13.0664417], [80.2362565, 13.0664163], [80.2363457, 13.0663934], [80.2364356, 13.0663729], [80.2365259, 13.0663548], [80.2366168, 13.0663392], [80.236708, 13.0663261], [80.2367996, 13.0663155], [80.2368915, 13.0663073], [80.2369835, 13.0663017], [80.2370757, 13.0662986], [80.2371679, 13.066298], [80.2372601, 13.0662999], [80.2373523, 13.0663043], [80.2374442, 13.0663112], [80.237536, 13.0663206], [80.2376274, 13.0663326], [80.2377184, 13.066347], [80.237809, 13.0663638], [80.2378991, 13.0663832], [80.2379886, 13.066405], [80.2380775, 13.0664292], [80.2381656, 13.0664558], [80.238253, 13.0664847], [80.2384258, 13.0665481], [80.2385114, 13.0665818], [80.2386815, 13.0666518], [80.2434094, 13.0686342], [80.2435146, 13.0686798], [80.2435981, 13.0687183], [80.2437626, 13.0688], [80.2438436, 13.0688433], [80.2440028, 13.0689346], [80.244081, 13.0689825], [80.2441582, 13.069032], [80.2442344, 13.069083], [80.2443835, 13.0691894], [80.2446006, 13.0693576], [80.2446737, 13.0694127], [80.2448233, 13.0695185], [80.2448997, 13.0695692], [80.2450555, 13.069666], [80.2451348, 13.0697121], [80.2452151, 13.0697566], [80.2452963, 13.0697996], [80.2454248, 13.0698635], [80.247202, 13.070713], [80.2472855, 13.0707516], [80.2473697, 13.0707884], [80.2474548, 13.0708233], [80.2475406, 13.0708565], [80.2476271, 13.0708878], [80.2477143, 13.0709173], [80.2478021, 13.0709449], [80.2478905, 13.0709706], [80.2479795, 13.0709945], [80.248069, 13.0710164], [80.2481589, 13.0710364], [80.2482493, 13.0710545], [80.24834, 13.0710707], [80.2484311, 13.0710849], [80.2485225, 13.0710972], [80.2486141, 13.0711075], [80.248706, 13.0711159], [80.248798, 13.0711223], [80.2488901, 13.0711268], [80.2489823, 13.0711293], [80.2490745, 13.0711298], [80.2491667, 13.0711284], [80.2492589, 13.071125], [80.249351, 13.0711196], [80.2494429, 13.0711123], [80.2495347, 13.071103], [80.2496262, 13.0710918], [80.2497174, 13.0710786], [80.2498084, 13.0710635], [80.2498989, 13.0710465], [80.2499891, 13.0710275], [80.2500788, 13.0710066], [80.2501681, 13.0709838], [80.2502568, 13.0709591], [80.250345, 13.0709325], [80.2504325, 13.070904], [80.2505194, 13.0708737], [80.2506056, 13.0708415], [80.2506911, 13.0708076], [80.2507758, 13.0707717], [80.2508596, 13.0707341], [80.2509427, 13.0706948], [80.2510248, 13.0706536], [80.251106, 13.0706107], [80.2511862, 13.0705661], [80.2512655, 13.0705198], [80.2513436, 13.0704719], [80.2514207, 13.0704222], [80.2514967, 13.070371], [80.2515715, 13.0703181], [80.2516452, 13.0702637], [80.2517176, 13.0702076], [80.2517887, 13.0701501], [80.2518586, 13.0700911], [80.2519271, 13.0700305], [80.2520269, 13.0699375], [80.2529813, 13.0690182], [80.2531102, 13.0688888], [80.2532232, 13.0687678], [80.2533089, 13.068671], [80.2549048, 13.0668243], [80.2550229, 13.0666854], [80.2550808, 13.066615], [80.2551375, 13.0665437], [80.2551927, 13.0664713], [80.2552461, 13.0663976], [80.2552974, 13.0663224], [80.2553465, 13.0662459], [80.2553934, 13.066168], [80.2554379, 13.0660888], [80.2554802, 13.0660085], [80.25552, 13.0659269], [80.2555575, 13.0658443], [80.2555926, 13.0657607], [80.2556252, 13.0656761], [80.2556553, 13.0655907], [80.255683, 13.0655044], [80.2557081, 13.0654174], [80.2557306, 13.0653297], [80.2557506, 13.0652415], [80.255768, 13.0651527], [80.2557832, 13.0650615], [80.2557951, 13.0649738], [80.2558047, 13.0648839], [80.2558116, 13.0647937], [80.2558161, 13.0647034], [80.2558184, 13.064613], [80.2558188, 13.0645226], [80.2558158, 13.0643418], [80.2557825, 13.0633477], [80.2557777, 13.0631669], [80.2557781, 13.0629861], [80.2557817, 13.0628958], [80.2557883, 13.0628056], [80.2557984, 13.0627157], [80.2558091, 13.0626454], [80.2558234, 13.0625722], [80.2558312, 13.0625378], [80.2558548, 13.0624504], [80.2558831, 13.0623644], [80.2559161, 13.06228], [80.2559538, 13.0621975], [80.2559959, 13.062117], [80.2560424, 13.062039], [80.2560819, 13.0619793], [80.2561479, 13.0618908], [80.2562067, 13.0618211], [80.2562692, 13.0617546], [80.2563353, 13.0616915], [80.2564047, 13.061632], [80.2564773, 13.0615763], [80.2565529, 13.0615245], [80.2566313, 13.0614768], [80.2567121, 13.0614333], [80.2567953, 13.0613942], [80.2568804, 13.0613595], [80.2569674, 13.0613294], [80.2570559, 13.0613039], [80.2571456, 13.0612832], [80.2572364, 13.0612672], [80.2573279, 13.0612561], [80.2574199, 13.0612498], [80.2575121, 13.0612485], [80.2576043, 13.061252], [80.2576961, 13.0612603], [80.2578057, 13.0612768], [80.2578777, 13.0612916], [80.2579669, 13.0613144], [80.2580548, 13.0613419], [80.258141, 13.061374], [80.2582253, 13.0614106], [80.2583075, 13.0614517], [80.2583873, 13.061497], [80.2584644, 13.0615465], [80.258539, 13.0615997], [80.2586111, 13.061656], [80.2586604, 13.0616973], [80.2587489, 13.0617762], [80.2588152, 13.0618391], [80.2588801, 13.0619033], [80.2590077, 13.062034], [80.259641, 13.0626913], [80.2597658, 13.0628245], [80.2598376, 13.0629052], [80.2598857, 13.0629619], [80.2599428, 13.0630329], [80.2599973, 13.0631057], [80.2600489, 13.0631807], [80.260097, 13.0632579], [80.2601411, 13.0633373], [80.2601811, 13.0634187], [80.2602169, 13.0635021], [80.2602486, 13.063587], [80.2602767, 13.0636731], [80.2603016, 13.0637601], [80.2603238, 13.0638479], [80.2603437, 13.0639362], [80.2603787, 13.0641137], [80.2604597, 13.0645588], [80.2604782, 13.0646474], [80.2604987, 13.0647355], [80.2605215, 13.0648231], [80.2605472, 13.06491], [80.2605763, 13.0649958], [80.2606092, 13.0650802], [80.2606463, 13.065163], [80.2606877, 13.0652438], [80.2607333, 13.0653224], [80.2607829, 13.0653986], [80.2608365, 13.0654722], [80.2608938, 13.065543], [80.2609547, 13.0656109], [80.2610191, 13.0656756], [80.2610868, 13.065737], [80.2611716, 13.0658055], [80.2612314, 13.0658492], [80.2613077, 13.0659], [80.261386, 13.0659478], [80.2614659, 13.0659928], [80.2615472, 13.0660355], [80.2617126, 13.0661156], [80.2629708, 13.0666796], [80.2630557, 13.0667149], [80.2631414, 13.0667485], [80.2632276, 13.0667805], [80.2633145, 13.0668108], [80.263402, 13.0668395], [80.26349, 13.0668664], [80.2635786, 13.0668917], [80.2636676, 13.0669152], [80.2637571, 13.0669371], [80.2639374, 13.0669756], [80.264028, 13.0669922], [80.2642102, 13.0670203], [80.2666843, 13.0673357], [80.2669539, 13.0673719], [80.2671358, 13.0674018], [80.2672262, 13.0674196], [80.2673161, 13.0674399], [80.2674053, 13.0674629], [80.2674935, 13.0674892], [80.2675806, 13.067519], [80.2676664, 13.0675523], [80.2677506, 13.067589], [80.2678332, 13.0676292], [80.2679141, 13.0676727], [80.267993, 13.0677195], [80.2680699, 13.0677695], [80.2681445, 13.0678226], [80.2682203, 13.0678814], [80.2682868, 13.0679376], [80.2683541, 13.0679994], [80.2684188, 13.0680638], [80.2684807, 13.0681309], [80.2685396, 13.0682004], [80.2685956, 13.0682723], [80.2686484, 13.0683464], [80.2686981, 13.0684226], [80.2687445, 13.0685007], [80.2687875, 13.0685807], [80.2688271, 13.0686624], [80.2688632, 13.0687456], [80.2688957, 13.0688302], [80.2689246, 13.068916], [80.2689498, 13.069003], [80.2689713, 13.0690909], [80.2689815, 13.0691394], [80.269003, 13.069269], [80.2690131, 13.0693589], [80.2690194, 13.0694491], [80.2690219, 13.0695395], [80.2690206, 13.0696299], [80.2690154, 13.0697201], [80.2690063, 13.0698101], [80.2689935, 13.0698997], [80.2689768, 13.0699886], [80.2689564, 13.0700768], [80.2689323, 13.070164], [80.2689045, 13.0702502], [80.268873, 13.0703352], [80.268838, 13.0704188], [80.2687994, 13.070501], [80.2687574, 13.0705815], [80.268712, 13.0706602], [80.2686633, 13.0707369], [80.2686115, 13.0708117], [80.268557, 13.0708847], [80.2685002, 13.0709559], [80.2684415, 13.0710256], [80.2683812, 13.0710941], [80.2683198, 13.0711615], [80.2681946, 13.0712944], [80.2667433, 13.0728112], [80.2666181, 13.072944], [80.2664958, 13.0730794], [80.2664365, 13.0731487], [80.2663789, 13.0732193], [80.2663232, 13.0732913], [80.266286, 13.073342], [80.2662095, 13.0734549], [80.2661705, 13.0735174], [80.2661248, 13.073596], [80.2660819, 13.073676], [80.2660416, 13.0737573], [80.2660042, 13.0738399], [80.2659696, 13.0739237], [80.2659378, 13.0740086], [80.265909, 13.0740945], [80.265883, 13.0741813], [80.2658601, 13.0742689], [80.2658401, 13.0743571], [80.2658232, 13.074446], [80.2658093, 13.0745354], [80.2657984, 13.0746252], [80.2657906, 13.0747153], [80.2657858, 13.0748056], [80.2657842, 13.074896], [80.2657856, 13.0749864], [80.2657901, 13.0750767], [80.2657976, 13.0751668], [80.2658082, 13.0752566], [80.2658303, 13.0753951], [80.2658563, 13.0755237], [80.2658984, 13.0756997], [80.2659452, 13.0758746], [80.266433, 13.0776187], [80.2664841, 13.0777924], [80.2665114, 13.0778788], [80.2665404, 13.0779646], [80.2665715, 13.0780497], [80.266605, 13.078134], [80.2666384, 13.0782107], [80.2666667, 13.0782705], [80.2667235, 13.0783789], [80.2667695, 13.0784573], [80.2668186, 13.0785339], [80.2668708, 13.0786084], [80.266926, 13.0786808], [80.2669841, 13.0787511], [80.267045, 13.0788189], [80.2671086, 13.0788844], [80.2672036, 13.078973], [80.2672437, 13.0790075], [80.2673149, 13.079065], [80.2673883, 13.0791197], [80.267464, 13.0791714], [80.2675416, 13.0792201], [80.2676213, 13.0792658], [80.2677027, 13.0793083], [80.2677857, 13.0793476], [80.2678704, 13.0793835], [80.2679564, 13.0794162], [80.2680437, 13.0794454], [80.2681321, 13.0794712], [80.2682214, 13.0794935], [80.2683117, 13.0795123], [80.2684026, 13.0795275], [80.268494, 13.0795391], [80.2685859, 13.0795472], [80.268678, 13.0795517], [80.2687702, 13.0795525], [80.2688624, 13.0795497], [80.2689544, 13.0795433], [80.2690461, 13.0795333], [80.2691812, 13.0795119], [80.2693177, 13.0794821], [80.2694068, 13.0794588], [80.2694952, 13.0794329], [80.2695829, 13.0794049], [80.26967, 13.0793752], [80.2698429, 13.0793122], [80.2721647, 13.0784292], [80.2723359, 13.0783618], [80.2724209, 13.0783267], [80.2725052, 13.0782901], [80.2725888, 13.0782517], [80.2726713, 13.0782113], [80.2727525, 13.0781685], [80.2728324, 13.0781234], [80.2729109, 13.0780759], [80.2729769, 13.0780334], [80.2730633, 13.077974], [80.273137, 13.0779197], [80.2732091, 13.0778632], [80.2732793, 13.0778046], [80.2733477, 13.077744], [80.2734142, 13.0776813], [80.2734788, 13.0776167], [80.2735413, 13.0775503], [80.2736017, 13.077482], [80.27366, 13.0774119], [80.2737161, 13.0773401], [80.27377, 13.0772667], [80.2738216, 13.0771918], [80.2738708, 13.0771153], [80.2739176, 13.0770374], [80.2739621, 13.0769582], [80.274004, 13.0768777], [80.2740434, 13.0767959], [80.2740803, 13.076713], [80.2741146, 13.0766291], [80.2741463, 13.0765442], [80.2741754, 13.0764584], [80.2742021, 13.0763719], [80.2742497, 13.0761971], [80.2743117, 13.0759328], [80.2747049, 13.074166], [80.2747478, 13.0739901], [80.2747712, 13.0739026], [80.2747964, 13.0738156], [80.2748236, 13.0737293], [80.2748531, 13.0736436], [80.2748847, 13.0735586], [80.2749185, 13.0734745], [80.2749544, 13.0733912], [80.2749925, 13.0733089], [80.2750326, 13.0732274], [80.2750748, 13.073147], [80.275119, 13.0730677], [80.2751652, 13.0729895], [80.2752134, 13.0729124], [80.2752636, 13.0728365], [80.2753157, 13.0727619], [80.2753697, 13.0726886], [80.2754255, 13.0726166], [80.2754831, 13.072546], [80.2755425, 13.0724768], [80.2756037, 13.0724092], [80.2756666, 13.072343], [80.2757311, 13.0722784], [80.2757973, 13.0722154], [80.275865, 13.0721541], [80.2759343, 13.0720944], [80.2759876, 13.0720506], [80.2760773, 13.0719802], [80.2761506, 13.0719253], [80.2762998, 13.0718189], [80.2764508, 13.071715], [80.2795697, 13.0695865], [80.2796308, 13.0695462], [80.2797091, 13.0694985], [80.2797893, 13.0694539], [80.2798713, 13.0694124], [80.2799549, 13.0693742], [80.2800399, 13.0693393], [80.2801264, 13.0693078], [80.280214, 13.0692797], [80.2803028, 13.069255], [80.2803924, 13.0692339], [80.2804829, 13.0692162], [80.280574, 13.0692022], [80.2806656, 13.0691917], [80.2807576, 13.0691848], [80.2808497, 13.0691815], [80.280942, 13.0691819], [80.2810341, 13.0691858], [80.281126, 13.0691934], [80.2812024, 13.0692024], [80.2853291, 13.0697606], [80.2854201, 13.0697757], [80.28551, 13.0697957], [80.2855987, 13.0698205], [80.2856858, 13.0698501], [80.2857711, 13.0698845], [80.2858544, 13.0699234], [80.2859353, 13.0699668], [80.2860136, 13.0700145], [80.2860891, 13.0700664], [80.2861616, 13.0701223], [80.2862307, 13.0701821], [80.2862964, 13.0702456], [80.2863584, 13.0703126], [80.2864165, 13.0703828], [80.2864705, 13.0704561], [80.2865203, 13.0705322], [80.2865657, 13.0706109], [80.2866065, 13.0706919], [80.2866428, 13.070775], [80.2866843, 13.0708908], [80.2869612, 13.0717672], [80.287, 13.071897], [80.2870238, 13.0719843], [80.2870458, 13.0720722], [80.2870843, 13.072249], [80.2871071, 13.0723742], [80.2872786, 13.0734089], [80.2872955, 13.0734978], [80.2873142, 13.0735863], [80.2873347, 13.0736745], [80.287381, 13.0738495], [80.2876902, 13.0748874], [80.2877116, 13.0749687], [80.2877305, 13.0750676], [80.2877388, 13.0751329], [80.2877693, 13.0754319], [80.2877808, 13.075517], [80.2877988, 13.0756056], [80.2878228, 13.0756929], [80.2879117, 13.0759741]]}",31.77,4159.52,0,0,4,0.161,1
1328845674,way/1328845674,Chennai Port-Maduravoyal Expressway,construction,,1,1,13.070736274021353,80.23001240355872,20923.96,"{'type': 'LineString', 'coordinates': [[80.2879954, 13.0759489], [80.2879072, 13.07567], [80.2878842, 13.0755863], [80.2878673, 13.0755031], [80.2878564, 13.0754227], [80.2878259, 13.0751234], [80.2878171, 13.0750547], [80.2877968, 13.0749488], [80.2877746, 13.0748646], [80.2874654, 13.0738268], [80.28742, 13.0736548], [80.2873998, 13.0735683], [80.2873649, 13.0733941], [80.2871936, 13.0723606], [80.2871703, 13.0722329], [80.2871311, 13.0720525], [80.2871087, 13.0719632], [80.2870845, 13.0718743], [80.2870449, 13.0717421], [80.2867679, 13.0708653], [80.2867572, 13.0708326], [80.2867244, 13.0707438], [80.2866862, 13.0706564], [80.2866433, 13.0705712], [80.2865955, 13.0704883], [80.2865431, 13.0704083], [80.2864862, 13.0703311], [80.2864251, 13.0702572], [80.2863598, 13.0701867], [80.2862907, 13.0701199], [80.2862179, 13.0700569], [80.2861416, 13.069998], [80.2860621, 13.0699434], [80.2859803, 13.0698935], [80.285894, 13.0698472], [80.2858068, 13.0698065], [80.285717, 13.0697703], [80.2856252, 13.0697391], [80.2855319, 13.069713], [80.2854372, 13.069692], [80.2853423, 13.0696762], [80.2812139, 13.0691178], [80.281135, 13.0691085], [80.2810397, 13.0691006], [80.2809441, 13.0690966], [80.2808483, 13.0690962], [80.2807526, 13.0690996], [80.2806571, 13.0691067], [80.280562, 13.0691176], [80.2804674, 13.0691322], [80.2803735, 13.0691506], [80.2802805, 13.0691725], [80.2801883, 13.0691981], [80.2800973, 13.0692273], [80.2800087, 13.0692595], [80.2799193, 13.0692962], [80.2798325, 13.0693359], [80.2797474, 13.069379], [80.2796641, 13.0694252], [80.279583, 13.0694747], [80.2795201, 13.0695162], [80.2764005, 13.0716452], [80.2762487, 13.0717496], [80.2760978, 13.0718572], [80.2760232, 13.0719131], [80.2759314, 13.0719851], [80.275877, 13.0720298], [80.2758061, 13.0720909], [80.2757369, 13.0721536], [80.2756688, 13.0722184], [80.275603, 13.0722843], [80.2755387, 13.072352], [80.275476, 13.0724212], [80.2754152, 13.0724921], [80.2753562, 13.0725643], [80.2752991, 13.072638], [80.275244, 13.0727129], [80.2751903, 13.0727897], [80.2751392, 13.0728671], [80.2750898, 13.072946], [80.2750425, 13.0730261], [80.2749973, 13.0731072], [80.2749538, 13.0731901], [80.2749131, 13.0732729], [80.2748741, 13.0733571], [80.2748373, 13.0734424], [80.2748027, 13.0735285], [80.2747704, 13.0736155], [80.2747402, 13.073703], [80.2747122, 13.0737919], [80.2746866, 13.0738803], [80.2746628, 13.0739692], [80.2746195, 13.0741471], [80.2742261, 13.0759146], [80.2741646, 13.0761766], [80.2741179, 13.0763483], [80.2740918, 13.0764329], [80.2740637, 13.0765157], [80.2740325, 13.0765992], [80.2739994, 13.0766801], [80.2739635, 13.0767608], [80.2739253, 13.0768403], [80.2738846, 13.0769184], [80.2738414, 13.0769954], [80.2737959, 13.0770711], [80.2737481, 13.0771454], [80.273698, 13.0772181], [80.2736456, 13.0772894], [80.2735911, 13.0773592], [80.2735345, 13.0774273], [80.2734758, 13.0774936], [80.2734151, 13.0775581], [80.2733523, 13.0776209], [80.2732874, 13.0776821], [80.2732213, 13.0777406], [80.2731531, 13.0777975], [80.2730831, 13.0778524], [80.2730115, 13.0779051], [80.2729278, 13.0779627], [80.2728636, 13.078004], [80.2727873, 13.0780502], [80.2727096, 13.0780941], [80.2726312, 13.0781354], [80.2725504, 13.078175], [80.2724687, 13.0782125], [80.272386, 13.0782484], [80.2723022, 13.078283], [80.2721325, 13.0783498], [80.2698115, 13.0792325], [80.2696404, 13.0792949], [80.2695548, 13.0793241], [80.2694689, 13.0793515], [80.2693828, 13.0793767], [80.2692963, 13.0793993], [80.2691646, 13.0794281], [80.2690346, 13.0794487], [80.2689464, 13.0794583], [80.2688579, 13.0794645], [80.2687692, 13.0794672], [80.2686806, 13.0794664], [80.268592, 13.0794621], [80.2685036, 13.0794543], [80.2684157, 13.0794431], [80.2683283, 13.0794285], [80.2682414, 13.0794104], [80.2681556, 13.079389], [80.2680705, 13.0793641], [80.2679866, 13.0793361], [80.2679038, 13.0793046], [80.2678223, 13.0792701], [80.2677426, 13.0792323], [80.2676642, 13.0791914], [80.2675876, 13.0791474], [80.2675129, 13.0791006], [80.2674401, 13.0790508], [80.2673695, 13.0789982], [80.2673007, 13.0789427], [80.2672623, 13.0789096], [80.267171, 13.0788245], [80.2671098, 13.0787615], [80.2670507, 13.0786956], [80.2669955, 13.0786288], [80.2669422, 13.0785589], [80.266892, 13.0784872], [80.2668447, 13.0784135], [80.2668004, 13.078338], [80.2667459, 13.078234], [80.2667186, 13.0781763], [80.2666862, 13.0781019], [80.2666536, 13.07802], [80.2666233, 13.0779369], [80.2665949, 13.0778529], [80.2665423, 13.0776822], [80.2660298, 13.0758525], [80.2659834, 13.0756791], [80.2659619, 13.0755925], [80.265942, 13.0755059], [80.2659239, 13.0754189], [80.2659083, 13.0753327], [80.2658931, 13.0752304], [80.2658848, 13.0751586], [80.2658775, 13.0750712], [80.2658732, 13.0749837], [80.2658718, 13.0748961], [80.2658734, 13.0748085], [80.265878, 13.0747211], [80.2658856, 13.0746338], [80.2658962, 13.0745466], [80.2659095, 13.0744608], [80.265926, 13.0743741], [80.2659453, 13.0742886], [80.2659675, 13.0742038], [80.2659927, 13.0741197], [80.2660206, 13.0740365], [80.2660514, 13.0739543], [80.2660849, 13.0738731], [80.2661211, 13.0737931], [80.2661602, 13.0737143], [80.2662018, 13.0736368], [80.2662461, 13.0735606], [80.2662841, 13.0734997], [80.2663575, 13.0733913], [80.2663938, 13.0733418], [80.2664482, 13.0732715], [80.2665045, 13.0732026], [80.2665626, 13.0731346], [80.2666831, 13.0730012], [80.2668075, 13.0728693], [80.2682588, 13.0713525], [80.268385, 13.0712185], [80.2684472, 13.0711502], [80.2685086, 13.0710804], [80.2685687, 13.0710092], [80.268627, 13.070936], [80.2686833, 13.0708607], [80.2687365, 13.0707837], [80.2687875, 13.0707035], [80.268835, 13.0706212], [80.2688783, 13.0705381], [80.2689184, 13.0704527], [80.2689548, 13.0703658], [80.2689875, 13.0702775], [80.2690164, 13.0701879], [80.2690415, 13.0700973], [80.2690627, 13.0700057], [80.26908, 13.0699133], [80.2690933, 13.0698202], [80.2691028, 13.0697267], [80.2691082, 13.0696329], [80.2691095, 13.0695389], [80.2691069, 13.0694451], [80.2691004, 13.0693514], [80.2690899, 13.0692579], [80.2690675, 13.0691232], [80.2690568, 13.0690724], [80.2690346, 13.0689815], [80.2690084, 13.0688911], [80.2689784, 13.0688019], [80.2689446, 13.068714], [80.2689071, 13.0686276], [80.268866, 13.0685427], [80.2688213, 13.0684595], [80.2687734, 13.068379], [80.2687212, 13.0682989], [80.2686665, 13.0682222], [80.2686083, 13.0681474], [80.2685471, 13.0680752], [80.2684827, 13.0680054], [80.2684155, 13.0679385], [80.2683456, 13.0678743], [80.2682773, 13.0678166], [80.2681976, 13.0677547], [80.2681201, 13.0676995], [80.2680401, 13.0676475], [80.2679581, 13.0675989], [80.267874, 13.0675536], [80.2677881, 13.0675118], [80.2677005, 13.0674737], [80.2676114, 13.0674391], [80.2675199, 13.0674078], [80.2674293, 13.0673808], [80.2673372, 13.0673571], [80.2672448, 13.0673362], [80.2671522, 13.067318], [80.2669671, 13.0672875], [80.2666949, 13.067251], [80.2642224, 13.0669358], [80.2640434, 13.0669082], [80.2639545, 13.0668919], [80.2637776, 13.0668541], [80.2636897, 13.0668326], [80.2636024, 13.0668096], [80.2635154, 13.0667847], [80.2634291, 13.0667583], [80.2633432, 13.0667302], [80.263258, 13.0667004], [80.2631734, 13.066669], [80.2630893, 13.0666361], [80.263006, 13.0666014], [80.2617504, 13.0660386], [80.2615878, 13.0659599], [80.2615086, 13.0659183], [80.2614312, 13.0658747], [80.2613557, 13.0658286], [80.2612824, 13.0657798], [80.2612249, 13.0657378], [80.2611448, 13.065673], [80.2610804, 13.0656146], [80.2610192, 13.0655531], [80.2609612, 13.0654885], [80.2609067, 13.0654211], [80.2608557, 13.065351], [80.2608085, 13.0652785], [80.2607651, 13.0652037], [80.2607256, 13.0651266], [80.2606906, 13.0650486], [80.2606589, 13.0649673], [80.2606309, 13.0648848], [80.2606059, 13.0648003], [80.2605839, 13.0647158], [80.2605639, 13.0646295], [80.2605457, 13.0645424], [80.2604649, 13.0640985], [80.2604295, 13.0639187], [80.2604092, 13.063829], [80.2603863, 13.0637384], [80.2603607, 13.0636487], [80.2603315, 13.0635595], [80.2602987, 13.0634715], [80.2602609, 13.0633834], [80.2602192, 13.0632985], [80.2601734, 13.0632161], [80.2601227, 13.0631347], [80.2600691, 13.0630568], [80.2600127, 13.0629814], [80.259954, 13.0629084], [80.2599047, 13.0628504], [80.2598314, 13.0627679], [80.2597051, 13.0626332], [80.2590715, 13.0619755], [80.2589429, 13.0618438], [80.258877, 13.0617786], [80.2588092, 13.0617143], [80.258718, 13.061633], [80.2586671, 13.0615903], [80.2585923, 13.0615319], [80.2585147, 13.0614766], [80.2584329, 13.0614241], [80.2583496, 13.0613768], [80.2582632, 13.0613336], [80.2581745, 13.0612951], [80.2580839, 13.0612614], [80.2579922, 13.0612327], [80.2578974, 13.0612084], [80.2578224, 13.061193], [80.2577066, 13.0611755], [80.2576101, 13.0611668], [80.2575132, 13.0611631], [80.2574162, 13.0611645], [80.2573194, 13.0611711], [80.2572232, 13.0611828], [80.2571277, 13.0611996], [80.2570334, 13.0612214], [80.2569403, 13.0612482], [80.2568488, 13.0612799], [80.2567593, 13.0613164], [80.2566718, 13.0613575], [80.2565869, 13.0614032], [80.2565045, 13.0614534], [80.256425, 13.0615078], [80.2563486, 13.0615664], [80.2562757, 13.0616289], [80.2562062, 13.0616953], [80.2561405, 13.0617652], [80.2560787, 13.0618384], [80.2560217, 13.061914], [80.2559677, 13.0619944], [80.2559189, 13.0620762], [80.2558747, 13.0621607], [80.2558372, 13.0622427], [80.2558004, 13.0623362], [80.2557707, 13.0624265], [80.255746, 13.0625177], [80.2557376, 13.0625548], [80.2557226, 13.0626318], [80.2557115, 13.0627048], [80.255701, 13.0627979], [80.2556942, 13.0628911], [80.2556905, 13.0629839], [80.2556901, 13.0631681], [80.2556949, 13.0633504], [80.2557282, 13.064344], [80.2557312, 13.0645229], [80.2557308, 13.0646118], [80.2557285, 13.0647003], [80.2557241, 13.064789], [80.2557174, 13.0648762], [80.2557081, 13.0649638], [80.2556965, 13.0650494], [80.2556817, 13.0651379], [80.2556648, 13.0652243], [80.2556453, 13.0653101], [80.2556234, 13.0653955], [80.255599, 13.0654801], [80.255572, 13.0655641], [80.2555427, 13.0656472], [80.255511, 13.0657295], [80.2554769, 13.0658109], [80.2554404, 13.0658913], [80.2554016, 13.0659707], [80.2553605, 13.0660488], [80.255317, 13.0661263], [80.2552716, 13.0662017], [80.2552237, 13.0662762], [80.255174, 13.0663491], [80.2551217, 13.0664212], [80.255012, 13.0665622], [80.2549549, 13.0666316], [80.2548376, 13.0667695], [80.2532419, 13.068616], [80.2531685, 13.0686992], [80.2531079, 13.0687653], [80.2530463, 13.0688304], [80.2529193, 13.0689579], [80.2519654, 13.0698767], [80.2518675, 13.0699679], [80.2518005, 13.0700273], [80.251732, 13.070085], [80.2516623, 13.0701414], [80.2515915, 13.0701963], [80.2515193, 13.0702496], [80.251446, 13.0703014], [80.2513716, 13.0703515], [80.2512961, 13.0704002], [80.2512196, 13.0704471], [80.251142, 13.0704924], [80.2510634, 13.0705361], [80.2509838, 13.0705782], [80.2509035, 13.0706185], [80.25074, 13.0706938], [80.2506571, 13.0707289], [80.2504889, 13.0707937], [80.2504038, 13.0708234], [80.2503181, 13.0708513], [80.2502318, 13.0708773], [80.250145, 13.0709015], [80.2500575, 13.0709238], [80.2499696, 13.0709443], [80.2498813, 13.0709629], [80.2497927, 13.0709795], [80.2497036, 13.0709943], [80.2496143, 13.0710072], [80.2495247, 13.0710182], [80.2494348, 13.0710273], [80.2493448, 13.0710345], [80.2492546, 13.0710398], [80.2491644, 13.0710431], [80.2490741, 13.0710445], [80.2489838, 13.071044], [80.2488935, 13.0710415], [80.2488033, 13.0710371], [80.2487132, 13.0710308], [80.2486232, 13.0710226], [80.2485335, 13.0710125], [80.248444, 13.0710005], [80.2483548, 13.0709866], [80.248266, 13.0709707], [80.2481775, 13.070953], [80.2480894, 13.0709334], [80.2480018, 13.070912], [80.2479147, 13.0708886], [80.2478281, 13.0708634], [80.2477421, 13.0708364], [80.2476567, 13.0708075], [80.247572, 13.0707768], [80.2474046, 13.0707101], [80.2473222, 13.0706741], [80.2472402, 13.0706362], [80.2454636, 13.069787], [80.2453373, 13.0697242], [80.2452577, 13.069682], [80.2451789, 13.0696384], [80.2451012, 13.0695932], [80.2449483, 13.0694982], [80.2448734, 13.0694485], [80.2447266, 13.0693447], [80.2446547, 13.0692905], [80.2445107, 13.0691779], [80.2444367, 13.0691216], [80.2443613, 13.0690667], [80.2442848, 13.0690132], [80.2442071, 13.0689612], [80.2441284, 13.0689107], [80.2439682, 13.0688147], [80.2438865, 13.0687689], [80.243804, 13.0687248], [80.2436364, 13.0686415], [80.2435513, 13.0686023], [80.2433802, 13.068529], [80.2388857, 13.0666444], [80.2385447, 13.0665029], [80.2383706, 13.0664357], [80.2382821, 13.0664042], [80.2381931, 13.0663748], [80.2381021, 13.0663473], [80.238011, 13.0663225], [80.2379192, 13.0663001], [80.2378266, 13.0662802], [80.2377336, 13.0662629], [80.2376403, 13.0662482], [80.2375464, 13.0662359], [80.2374521, 13.0662262], [80.2373578, 13.0662191], [80.2372632, 13.0662146], [80.2371685, 13.0662127], [80.2370739, 13.0662133], [80.2369793, 13.0662165], [80.2368848, 13.0662222], [80.2367904, 13.0662306], [80.2366964, 13.0662415], [80.2366028, 13.0662549], [80.2365095, 13.066271], [80.2364168, 13.0662895], [80.2363245, 13.0663106], [80.236233, 13.0663341], [80.2361421, 13.0663602], [80.236052, 13.0663887], [80.2359628, 13.0664196], [80.2358744, 13.066453], [80.235787, 13.0664888], [80.2357007, 13.0665269], [80.2356155, 13.0665674], [80.2355316, 13.0666101], [80.2354487, 13.0666552], [80.2353677, 13.0667022], [80.2352872, 13.0667518], [80.2352089, 13.0668028], [80.2351295, 13.0668568], [80.2349809, 13.0669631], [80.2343191, 13.0674552], [80.2341723, 13.0675622], [80.2340984, 13.067614], [80.2339702, 13.0676994], [80.2338722, 13.0677601], [80.2337946, 13.0678052], [80.2337158, 13.0678488], [80.2336368, 13.0678899], [80.2335559, 13.0679296], [80.2334744, 13.0679673], [80.233392, 13.0680031], [80.2333088, 13.0680369], [80.2332246, 13.0680688], [80.2331398, 13.0680987], [80.2330352, 13.0681327], [80.2328813, 13.0681765], [80.232794, 13.0681984], [80.2327062, 13.0682182], [80.2326179, 13.068236], [80.2325293, 13.0682518], [80.2324399, 13.0682654], [80.2323511, 13.0682768], [80.2322612, 13.0682864], [80.2321714, 13.0682938], [80.2320814, 13.0682991], [80.2319913, 13.0683022], [80.2319012, 13.0683033], [80.2318111, 13.0683022], [80.2317209, 13.0682991], [80.2316309, 13.0682939], [80.2315412, 13.0682865], [80.2314516, 13.0682771], [80.2313622, 13.0682655], [80.2312732, 13.0682519], [80.2311845, 13.0682363], [80.2310792, 13.0682149], [80.2309203, 13.068177], [80.2308324, 13.0681539], [80.2306567, 13.0681044], [80.2298676, 13.0678734], [80.2296825, 13.0678207], [80.2295911, 13.0677972], [80.2294985, 13.0677764], [80.2294028, 13.0677589], [80.229307, 13.0677464], [80.22921, 13.0677395], [80.22916, 13.0677385], [80.2291096, 13.0677394], [80.2290193, 13.0677464], [80.2289614, 13.0677546], [80.2289122, 13.0677641], [80.2288639, 13.0677756], [80.2288148, 13.0677897], [80.228768, 13.0678055], [80.2287214, 13.0678234], [80.2286756, 13.0678435], [80.2286309, 13.0678655], [80.2285872, 13.0678895], [80.2285445, 13.0679155], [80.2285033, 13.0679435], [80.2284635, 13.067973], [80.2284249, 13.0680044], [80.2283878, 13.0680375], [80.2283524, 13.0680722], [80.2283186, 13.0681084], [80.2282865, 13.0681461], [80.2282562, 13.0681852], [80.2282289, 13.0682238], [80.2282011, 13.0682672], [80.2281766, 13.0683099], [80.228154, 13.0683537], [80.2281266, 13.0684132], [80.2280987, 13.0684904], [80.2280846, 13.0685375], [80.2280726, 13.0685851], [80.2280629, 13.0686333], [80.2280554, 13.0686818], [80.2280502, 13.0687306], [80.2280472, 13.0687797], [80.2280466, 13.0688286], [80.2280481, 13.0688776], [80.228052, 13.0689266], [80.2280581, 13.0689752], [80.2280683, 13.0690322], [80.2280894, 13.0691179], [80.2281042, 13.0691651], [80.2281207, 13.0692115], [80.2281574, 13.0692996], [80.2281996, 13.0693853], [80.2282458, 13.0694681], [80.2282949, 13.0695482], [80.2283461, 13.0696261], [80.2283984, 13.0697022], [80.228924, 13.0704456], [80.2290251, 13.0705933], [80.2290721, 13.0706678], [80.2291155, 13.0707431], [80.2291545, 13.0708197], [80.2291887, 13.0708984], [80.229203, 13.0709371], [80.2292273, 13.071017], [80.2292366, 13.0710574], [80.2292431, 13.0710928], [80.2292491, 13.0711386], [80.2292521, 13.071176], [80.2292533, 13.0712202], [80.2292523, 13.0712612], [80.2292492, 13.0713019], [80.2292439, 13.0713425], [80.2292367, 13.071383], [80.2292274, 13.0714229], [80.2292161, 13.0714623], [80.2292028, 13.0715011], [80.2291875, 13.0715393], [80.2291703, 13.0715766], [80.2291512, 13.071613], [80.2291302, 13.0716484], [80.2291076, 13.0716827], [80.2290832, 13.071716], [80.229057, 13.071748], [80.2290294, 13.0717787], [80.2290002, 13.0718079], [80.2289696, 13.0718357], [80.2289376, 13.0718619], [80.2289043, 13.0718865], [80.2288697, 13.0719095], [80.228834, 13.0719308], [80.2287974, 13.0719502], [80.2287598, 13.0719678], [80.2287186, 13.0719847], [80.2286814, 13.0719978], [80.2286417, 13.0720097], [80.2285604, 13.0720288], [80.2284742, 13.0720422], [80.2283878, 13.0720497], [80.2283, 13.0720526], [80.2282113, 13.0720517], [80.2281215, 13.0720477], [80.2280309, 13.0720418], [80.2247217, 13.0717817], [80.2245362, 13.0717685], [80.224423, 13.0717627], [80.224348, 13.0717606], [80.2242532, 13.0717602], [80.2241577, 13.0717628], [80.2240629, 13.0717694], [80.223966, 13.0717804], [80.2238711, 13.0717959], [80.2237768, 13.0718156], [80.2236836, 13.0718399], [80.2235916, 13.0718683], [80.2235012, 13.0719011], [80.2234125, 13.071938], [80.2233257, 13.0719791], [80.2232409, 13.0720242], [80.2231584, 13.0720732], [80.2230785, 13.0721259], [80.2230011, 13.0721823], [80.2229266, 13.0722423], [80.2228551, 13.0723056], [80.222787, 13.0723721], [80.2227212, 13.0724426], [80.2226602, 13.0725148], [80.2226023, 13.0725902], [80.2225481, 13.0726683], [80.2224977, 13.0727488], [80.2224512, 13.0728317], [80.2224089, 13.0729165], [80.2223709, 13.0730029], [80.2223368, 13.0730921], [80.2223072, 13.0731809], [80.2222813, 13.0732708], [80.2222584, 13.0733609], [80.222238, 13.0734511], [80.2222197, 13.0735412], [80.2218581, 13.075526], [80.2218462, 13.0755873], [80.2218269, 13.0756732], [80.221805, 13.0757582], [80.2217803, 13.0758427], [80.221753, 13.0759263], [80.221723, 13.0760089], [80.2216904, 13.0760907], [80.2216553, 13.0761713], [80.2216175, 13.0762509], [80.2215773, 13.0763293], [80.2215345, 13.0764064], [80.2214894, 13.0764822], [80.2214416, 13.076557], [80.2213921, 13.0766292], [80.2213398, 13.0767007], [80.2212853, 13.0767703], [80.2212284, 13.0768386], [80.2210513, 13.0770395], [80.2209282, 13.0771828], [80.2208116, 13.0773257], [80.2207547, 13.0773982], [80.2206438, 13.0775453], [80.2205116, 13.0777315], [80.2194545, 13.0792697], [80.2193496, 13.0794153], [80.2192955, 13.0794862], [80.2192399, 13.0795555], [80.2191827, 13.079623], [80.2191234, 13.079688], [80.219062, 13.0797504], [80.2189977, 13.0798104], [80.218931, 13.0798674], [80.2188619, 13.0799215], [80.2187905, 13.0799726], [80.2187169, 13.0800205], [80.2186408, 13.0800656], [80.218564, 13.0801067], [80.2184842, 13.0801451], [80.2184033, 13.0801799], [80.2183209, 13.0802112], [80.2182371, 13.0802389], [80.2181522, 13.0802631], [80.2180663, 13.0802836], [80.2179795, 13.0803004], [80.2178922, 13.0803136], [80.2178044, 13.080323], [80.2177161, 13.0803285], [80.2176274, 13.0803304], [80.2175401, 13.0803286], [80.2174512, 13.0803229], [80.2173633, 13.0803135], [80.2172759, 13.0803003], [80.2171893, 13.0802835], [80.2171034, 13.0802629], [80.2170184, 13.0802387], [80.2169346, 13.0802109], [80.2168522, 13.0801797], [80.2167709, 13.0801447], [80.2166924, 13.0801069], [80.2166144, 13.080065], [80.2165386, 13.0800202], [80.216465, 13.0799722], [80.2163936, 13.0799211], [80.2163246, 13.079867], [80.2162579, 13.07981], [80.2161939, 13.0797502], [80.2161326, 13.0796878], [80.2160741, 13.0796227], [80.2160185, 13.0795552], [80.215966, 13.0794855], [80.2159166, 13.0794136], [80.2158705, 13.0793397], [80.2158277, 13.0792638], [80.2157883, 13.0791861], [80.2157523, 13.0791069], [80.2157198, 13.0790261], [80.2156914, 13.078945], [80.2156658, 13.0788608], [80.2156436, 13.0787762], [80.2156242, 13.0786904], [80.2156073, 13.0786038], [80.215579, 13.0784283], [80.215533, 13.0780707], [80.2155073, 13.0778889], [80.2154913, 13.0777975], [80.2154725, 13.0777061], [80.2154511, 13.0776194], [80.2154229, 13.0775239], [80.215391, 13.0774343], [80.215359, 13.0773585], [80.2153094, 13.0772598], [80.21526, 13.0771768], [80.215205, 13.0770973], [80.2151454, 13.0770223], [80.2150791, 13.0769496], [80.2150094, 13.0768825], [80.2149349, 13.07682], [80.2148564, 13.0767625], [80.2147741, 13.0767102], [80.2146884, 13.0766634], [80.2145998, 13.0766222], [80.2145086, 13.076587], [80.2144151, 13.0765578], [80.2143199, 13.0765348], [80.2142232, 13.076518], [80.2141257, 13.0765077], [80.2140277, 13.0765036], [80.2139296, 13.076506], [80.2138319, 13.0765148], [80.2137359, 13.0765298], [80.2136997, 13.0765371], [80.2136391, 13.0765514], [80.2135463, 13.0765783], [80.2134552, 13.0766099], [80.2133663, 13.0766455], [80.2132795, 13.0766843], [80.2131945, 13.0767256], [80.2130294, 13.0768127], [80.2114498, 13.0776905], [80.2113447, 13.0777475], [80.2111834, 13.0778298], [80.2110198, 13.0779072], [80.2108538, 13.0779797], [80.2106854, 13.0780471], [80.2105152, 13.0781094], [80.2103429, 13.0781664], [80.2102562, 13.078193], [80.2100816, 13.0782423], [80.2099054, 13.0782863], [80.2097281, 13.0783249], [80.2095494, 13.0783581], [80.20937, 13.078386], [80.2091897, 13.0784085], [80.2090992, 13.0784176], [80.2089181, 13.0784319], [80.2087365, 13.0784407], [80.2085548, 13.0784441], [80.208373, 13.0784419], [80.2081915, 13.0784342], [80.2080103, 13.0784211], [80.2078294, 13.0784025], [80.2077393, 13.0783911], [80.2075596, 13.0783644], [80.2073808, 13.0783322], [80.2072032, 13.0782948], [80.2070267, 13.0782519], [80.2068517, 13.0782037], [80.2067648, 13.0781776], [80.2066784, 13.0781503], [80.206519, 13.0780961], [80.205601, 13.0777692], [80.2054637, 13.0777221], [80.2053747, 13.0776934], [80.2051955, 13.0776404], [80.2051054, 13.0776158], [80.2049239, 13.0775709], [80.2047411, 13.0775314], [80.2046493, 13.0775137], [80.2044648, 13.0774826], [80.2042794, 13.077457], [80.2040935, 13.077437], [80.2039068, 13.0774227], [80.2037199, 13.077414], [80.2035327, 13.0774109], [80.2033455, 13.0774135], [80.2031585, 13.0774216], [80.2029719, 13.0774355], [80.2027858, 13.077455], [80.202693, 13.0774668], [80.2025175, 13.0774931], [80.1944911, 13.0788135], [80.1942194, 13.0788566], [80.1940394, 13.07888], [80.1939564, 13.0788884], [80.1938603, 13.0788957], [80.193771, 13.0788997], [80.1936816, 13.0789007], [80.1935935, 13.0788982], [80.1935049, 13.0788922], [80.1934167, 13.0788828], [80.193329, 13.0788699], [80.1932418, 13.0788536], [80.1931555, 13.0788339], [80.19307, 13.0788108], [80.1929854, 13.0787845], [80.1929021, 13.0787547], [80.1928199, 13.0787217], [80.1927392, 13.0786857], [80.1926601, 13.0786464], [80.1925826, 13.078604], [80.1925069, 13.0785587], [80.1924331, 13.0785104], [80.1923613, 13.0784593], [80.1922917, 13.0784054], [80.1922243, 13.0783488], [80.1921593, 13.0782896], [80.1920968, 13.0782279], [80.1920367, 13.0781637], [80.1919794, 13.0780974], [80.1919249, 13.0780288], [80.1918732, 13.0779581], [80.1918242, 13.0778854], [80.1917785, 13.0778109], [80.1917201, 13.0777048], [80.1916963, 13.0776569], [80.1916593, 13.077577], [80.1916251, 13.0774959], [80.191593, 13.0774134], [80.1915343, 13.0772456], [80.1914803, 13.0770745], [80.1909062, 13.0751668], [80.1908491, 13.0749914], [80.1908177, 13.0749042], [80.1907846, 13.0748182], [80.1907131, 13.0746478], [80.1906344, 13.0744803], [80.1905925, 13.0743979], [80.1905489, 13.0743162], [80.1905037, 13.0742355], [80.1904567, 13.0741556], [80.1904081, 13.0740768], [80.1903578, 13.0739989], [80.1903061, 13.0739222], [80.1902524, 13.0738462], [80.1901974, 13.0737716], [80.1901408, 13.0736979], [80.1900829, 13.0736256], [80.190023, 13.0735539], [80.1898997, 13.0734152], [80.1898357, 13.0733476], [80.1897703, 13.0732813], [80.1897036, 13.0732164], [80.1896357, 13.0731529], [80.1895663, 13.0730906], [80.1894957, 13.0730297], [80.1894238, 13.0729703], [80.1893507, 13.0729123], [80.1892764, 13.0728558], [80.1891244, 13.0727473], [80.1890467, 13.0726954], [80.1889681, 13.0726451], [80.1888882, 13.0725963], [80.1888075, 13.0725491], [80.1887257, 13.0725035], [80.188643, 13.0724597], [80.1885595, 13.0724174], [80.1884754, 13.0723769], [80.1875284, 13.0719397], [80.1873033, 13.071839], [80.1871324, 13.0717668], [80.1869602, 13.0716977], [80.1866996, 13.0715999], [80.1864363, 13.0715089], [80.1862596, 13.0714523], [80.1860816, 13.0713987], [80.185813, 13.0713245], [80.1855424, 13.0712573], [80.184287, 13.0709649], [80.1841106, 13.0709195], [80.1839353, 13.0708702], [80.1837612, 13.0708168], [80.1836747, 13.0707886], [80.1835026, 13.0707292], [80.1833321, 13.0706658], [80.1831631, 13.0705986], [80.1829958, 13.0705275], [80.1828302, 13.0704524], [80.1827481, 13.0704136], [80.1826602, 13.0703706], [80.1825046, 13.0702912], [80.1824245, 13.0702485], [80.1822658, 13.0701604], [80.182066, 13.0700425], [80.1818785, 13.0699244], [80.1817274, 13.0698237], [80.1788431, 13.0678705], [80.1786862, 13.0677695], [80.1786052, 13.0677212], [80.1785226, 13.0676755], [80.1784788, 13.0676529], [80.1784364, 13.0676321], [80.1783497, 13.067593], [80.1782607, 13.0675574], [80.1781703, 13.0675256], [80.1780786, 13.0674977], [80.1779857, 13.0674737], [80.1778918, 13.0674537], [80.1777972, 13.0674378], [80.1777019, 13.0674258], [80.1776066, 13.0674179], [80.1775116, 13.0674134], [80.1774172, 13.0674116], [80.1772927, 13.0674121], [80.1769544, 13.067419], [80.1768634, 13.0674193], [80.1767737, 13.0674177], [80.176684, 13.0674139], [80.1765979, 13.0674074], [80.176507, 13.067397], [80.1764189, 13.0673835], [80.1763328, 13.0673667], [80.1762462, 13.0673463], [80.1761609, 13.0673226], [80.1760766, 13.0672955], [80.1759935, 13.0672652], [80.1759116, 13.0672316], [80.175831, 13.0671948], [80.175763, 13.0671607], [80.1756747, 13.067112], [80.1755981, 13.0670663], [80.1754468, 13.0669687], [80.1718944, 13.0645336], [80.1717546, 13.0644428], [80.1716565, 13.0643838], [80.1715738, 13.0643383], [80.1714874, 13.0642951], [80.1714003, 13.0642562], [80.1713112, 13.0642208], [80.1712207, 13.0641894], [80.1711295, 13.064162], [80.1710356, 13.0641381], [80.170942, 13.0641185], [80.1708472, 13.0641028], [80.1707528, 13.0640914], [80.1706563, 13.0640837], [80.1705613, 13.0640797], [80.1703927, 13.0640792], [80.1702796, 13.0640819], [80.1693586, 13.0641148], [80.169268, 13.0641162], [80.1691781, 13.0641156], [80.1690711, 13.0641114], [80.1690005, 13.0641059], [80.1689122, 13.064096], [80.1688246, 13.0640827], [80.1687376, 13.0640658], [80.1686513, 13.0640456], [80.1685659, 13.0640221], [80.1684816, 13.0639951], [80.1683983, 13.0639649], [80.1683165, 13.0639315], [80.168236, 13.0638949], [80.1681571, 13.0638552], [80.1680799, 13.0638124], [80.1679935, 13.0637597], [80.1679308, 13.0637179], [80.167858, 13.0636662], [80.1677147, 13.0635571], [80.1667799, 13.0628142], [80.166715, 13.0627606], [80.1665785, 13.0626427], [80.1664455, 13.0625209], [80.1663803, 13.0624587], [80.1663161, 13.0623956], [80.1661901, 13.0622663], [80.1659422, 13.0619989], [80.1658777, 13.061932], [80.1658116, 13.0618665], [80.1657425, 13.061802], [80.1656703, 13.0617397], [80.165596, 13.0616806], [80.1655194, 13.0616245], [80.1654403, 13.0615713], [80.1653594, 13.0615214], [80.1652763, 13.0614746], [80.1651915, 13.0614312], [80.165105, 13.061391], [80.1650168, 13.0613543], [80.1649272, 13.0613211], [80.1648365, 13.0612914], [80.1647445, 13.0612654], [80.1646515, 13.0612429], [80.1645577, 13.0612242], [80.1644632, 13.061209], [80.1643687, 13.0611976], [80.1642725, 13.06119], [80.1641781, 13.0611857], [80.1640837, 13.0611839], [80.1638564, 13.0611857], [80.1623292, 13.0612098], [80.1607839, 13.0612388], [80.1605749, 13.0612454], [80.1603886, 13.061256], [80.1602956, 13.0612628], [80.1602028, 13.0612707], [80.1600172, 13.0612897], [80.1598552, 13.0613099], [80.1586451, 13.0614732], [80.158464, 13.0614952], [80.158374, 13.061504], [80.1582843, 13.0615108], [80.1581948, 13.0615152], [80.1581058, 13.0615167], [80.1580169, 13.0615148], [80.15793, 13.0615094], [80.157841, 13.0614996], [80.1577551, 13.0614861], [80.1576686, 13.0614682], [80.1575826, 13.0614463], [80.1574993, 13.0614208], [80.1574157, 13.0613913], [80.1573331, 13.0613586], [80.1572511, 13.0613232], [80.1571698, 13.0612853], [80.1570889, 13.0612454], [80.156928, 13.0611616], [80.1563606, 13.0608575], [80.1561942, 13.0607738], [80.1561093, 13.0607338], [80.1560236, 13.0606958], [80.1559359, 13.0606596], [80.1558478, 13.0606264], [80.1557571, 13.0605955], [80.155666, 13.0605682], [80.1555739, 13.060544], [80.1554809, 13.060523], [80.1553873, 13.0605053], [80.1552931, 13.0604909], [80.1551984, 13.0604799], [80.1551034, 13.060472], [80.1550081, 13.0604676], [80.1549133, 13.0604665], [80.1548172, 13.0604687], [80.1547227, 13.0604741], [80.1546284, 13.0604821], [80.1545347, 13.0604923], [80.1544415, 13.0605045], [80.1542571, 13.0605332], [80.1535025, 13.0606673]]}",32.77,4162.6,0,0,4,0.161,1
1370773101,way/1370773101,EVR Periyar Salai,primary,asphalt,1,0,13.075790520000002,80.214269555,686.97,"{'type': 'LineString', 'coordinates': [[80.217479, 13.0749577], [80.2170777, 13.0750179], [80.216759, 13.0750567], [80.2162504, 13.0751187], [80.216014, 13.0751372], [80.215709, 13.0751659], [80.2153199, 13.0752069], [80.215018, 13.0752527], [80.2148274, 13.0752817], [80.2145578, 13.0753834], [80.2139483, 13.0756134], [80.2137743, 13.075679], [80.2134971, 13.0758502], [80.2133984, 13.0759181], [80.2123298, 13.0766529], [80.2121289, 13.0768078], [80.2119541, 13.076888], [80.2117973, 13.0769374], [80.2117909, 13.0769394], [80.2117598, 13.0769454]]}",53.14,2341.99,0,0,2,0.161,1
1373597958,way/1373597958,EVR Periyar Salai,primary,asphalt,1,0,13.07581002,80.21465353333333,708.17,"{'type': 'LineString', 'coordinates': [[80.2119023, 13.0770854], [80.2119733, 13.0770608], [80.2121662, 13.0769518], [80.212557, 13.0767013], [80.21322, 13.0761576], [80.2139732, 13.0757733], [80.2143374, 13.0755888], [80.2147166, 13.0754538], [80.2150155, 13.0753771], [80.2153267, 13.075317], [80.2160144, 13.0752497], [80.2162516, 13.0752169], [80.2170479, 13.0751221], [80.2175117, 13.0750669], [80.2177892, 13.0750278]]}",46.53,2383.9,0,0,2,0.161,1
1378830297,way/1378830297,Chennai Portâ€“Maduravoyal Expressway,construction,,1,1,13.077637476470588,80.20841424117647,1125.48,"{'type': 'LineString', 'coordinates': [[80.2029017, 13.0763414], [80.2037238, 13.0765413], [80.2039944, 13.0766035], [80.2041754, 13.0766425], [80.2043568, 13.0766795], [80.2045386, 13.0767146], [80.2047208, 13.0767476], [80.2049943, 13.0767937], [80.2066329, 13.0770629], [80.2068182, 13.0770873], [80.2070042, 13.0771055], [80.2071908, 13.0771176], [80.2074209, 13.0771251], [80.2074624, 13.0771288], [80.2075044, 13.0771345], [80.2075461, 13.0771423], [80.2075873, 13.0771521], [80.207628, 13.0771639], [80.207668, 13.0771777], [80.2077073, 13.0771935], [80.2077457, 13.0772111], [80.2077832, 13.0772306], [80.2078196, 13.0772519], [80.2078549, 13.077275], [80.207889, 13.0772998], [80.2079217, 13.0773262], [80.2079531, 13.0773542], [80.2080059, 13.0774083], [80.2081029, 13.0775173], [80.2081612, 13.0775874], [80.2083853, 13.0778758], [80.208452, 13.0779474], [80.2084891, 13.077982], [80.2085278, 13.0780148], [80.2085682, 13.0780456], [80.2086101, 13.0780744], [80.2086534, 13.0781012], [80.208698, 13.0781257], [80.2087439, 13.0781481], [80.2087908, 13.0781682], [80.2088386, 13.0781859], [80.2088874, 13.0782013], [80.2089368, 13.0782143], [80.2089869, 13.0782249], [80.2090374, 13.0782329], [80.2090882, 13.0782385], [80.2091355, 13.0782415], [80.2091828, 13.0782423], [80.2097436, 13.0782391], [80.2098386, 13.0782369], [80.2099336, 13.078232], [80.2100283, 13.0782246], [80.2101228, 13.0782146], [80.210217, 13.0782021], [80.2103108, 13.0781869], [80.2104041, 13.0781693], [80.2104969, 13.0781491], [80.2105891, 13.0781263], [80.2106806, 13.0781011], [80.2107713, 13.0780734], [80.2108613, 13.0780432], [80.2109503, 13.0780106], [80.2110384, 13.0779756], [80.2111255, 13.0779382], [80.2112114, 13.0778985], [80.2112962, 13.0778564], [80.2113798, 13.077812], [80.2123431, 13.0772766]]}",84.41,1673.33,0,0,4,0.161,1
1378830340,way/1378830340,Chennai Portâ€“Maduravoyal Expressway,construction,,1,1,13.077555068181818,80.20843631363637,1114.66,"{'type': 'LineString', 'coordinates': [[80.2122908, 13.0771861], [80.2113441, 13.0777124], [80.211247, 13.0777643], [80.2111648, 13.0778051], [80.2110815, 13.0778436], [80.2109972, 13.0778798], [80.2109118, 13.0779137], [80.2108255, 13.0779453], [80.2107384, 13.0779746], [80.2106505, 13.0780014], [80.2105618, 13.0780259], [80.2104725, 13.0780479], [80.2103826, 13.0780675], [80.2102921, 13.0780846], [80.2102012, 13.0780992], [80.21011, 13.0781114], [80.2100184, 13.0781211], [80.2099266, 13.0781283], [80.2098346, 13.078133], [80.2097425, 13.0781352], [80.2091822, 13.0781383], [80.2091398, 13.0781376], [80.2090974, 13.0781349], [80.2090518, 13.0781299], [80.2090065, 13.0781227], [80.2089617, 13.0781132], [80.2089174, 13.0781016], [80.2088737, 13.0780878], [80.2088308, 13.0780719], [80.2087887, 13.0780539], [80.2087477, 13.0780338], [80.2087077, 13.0780118], [80.2086688, 13.0779878], [80.2086313, 13.077962], [80.2085951, 13.0779344], [80.2085603, 13.077905], [80.2085271, 13.077874], [80.2084855, 13.0778302], [80.208065, 13.0773578], [80.2080073, 13.0772986], [80.207973, 13.0772681], [80.2079372, 13.0772392], [80.2079, 13.0772122], [80.2078615, 13.0771869], [80.2078217, 13.0771637], [80.2077807, 13.0771423], [80.2077388, 13.0771231], [80.2076959, 13.0771059], [80.2076522, 13.0770908], [80.2076077, 13.0770779], [80.2075627, 13.0770672], [80.2075172, 13.0770587], [80.2074713, 13.0770524], [80.2074259, 13.0770484], [80.2071946, 13.0770408], [80.2070107, 13.0770289], [80.2068273, 13.077011], [80.2066446, 13.0769869], [80.2050073, 13.0767179], [80.2047346, 13.076672], [80.2045533, 13.0766391], [80.2043723, 13.0766042], [80.2041918, 13.0765674], [80.2040117, 13.0765285], [80.2037424, 13.0764666], [80.2029206, 13.0762668]]}",93.5,1676.48,0,0,4,0.161,1
1434323541,way/1434323541,Kannagi Street,residential,,0,0,13.0707581,80.21285873333333,145.57,"{'type': 'LineString', 'coordinates': [[80.2126787, 13.0701891], [80.2128458, 13.0706405], [80.2130517, 13.0714447]]}",632.83,2337.63,0,0,4,0.161,0
1434323545,way/1434323545,,tertiary,,0,0,13.067847766666667,80.21441286666666,199.23,"{'type': 'LineString', 'coordinates': [[80.2144031, 13.0687767], [80.2144078, 13.0683541], [80.2144108, 13.0679829], [80.2144138, 13.067662], [80.2144213, 13.0673289], [80.2144204, 13.066982]]}",928.26,2630.39,0,0,3,0.161,0
1434358795,way/1434358795,Seethamma Avenue,residential,,0,0,13.070077633333334,80.2152016,22.98,"{'type': 'LineString', 'coordinates': [[80.215319, 13.0700744], [80.215173, 13.0700833], [80.2151128, 13.0700752]]}",684.77,2607.03,0,0,4,0.161,0
1434358796,way/1434358796,,residential,,0,0,13.070192999999998,80.21494468333333,44.59,"{'type': 'LineString', 'coordinates': [[80.2148994, 13.0700606], [80.2148815, 13.0700798], [80.214869, 13.0702278], [80.214894, 13.0702575], [80.2150442, 13.0702714], [80.21508, 13.0702609]]}",669.46,2575.8,0,0,4,0.161,0
1434358797,way/1434358797,,residential,,0,0,13.0701874,80.21510226666668,22.15,"{'type': 'LineString', 'coordinates': [[80.21508, 13.0702609], [80.215114, 13.0702261], [80.2151128, 13.0700752]]}",671.52,2592.29,0,0,4,0.161,0
1434360007,way/1434360007,,residential,,0,0,13.0703218,80.20647475000001,39.44,"{'type': 'LineString', 'coordinates': [[80.2064988, 13.0704978], [80.2064507, 13.0701458]]}",583.0,1729.47,0,0,4,0.161,0
1434360008,way/1434360008,,residential,,0,0,13.07008685,80.2064448,13.15,"{'type': 'LineString', 'coordinates': [[80.2064389, 13.0700279], [80.2064507, 13.0701458]]}",571.82,1740.98,0,0,4,0.161,0
1434360310,way/1434360310,Valluvar Nedum Pathai,residential,,0,0,13.071958885714285,80.21491958571428,148.95,"{'type': 'LineString', 'coordinates': [[80.2145316, 13.0713407], [80.2147035, 13.0715648], [80.2148692, 13.0718151], [80.2149759, 13.0719801], [80.2150531, 13.0721729], [80.2151285, 13.0723337], [80.2151753, 13.0725049]]}",473.85,2507.33,0,0,4,0.161,0
1453992376,way/1453992376,Jai Nagar 1st Main Road,residential,,0,0,13.06949165,80.20765475,143.3,"{'type': 'LineString', 'coordinates': [[80.2073552, 13.0687005], [80.2076873, 13.06953], [80.2077722, 13.0698265], [80.2078043, 13.0699096]]}",689.04,1889.5,0,0,4,0.161,0
1453992377,way/1453992377,Jai Nagar 1st Main Road,residential,,0,0,13.07010085,80.20785620000001,43.99,"{'type': 'LineString', 'coordinates': [[80.2078043, 13.0699096], [80.2079081, 13.0702921]]}",723.63,1872.67,0,0,4,0.161,0
1500152564,way/1500152564,,residential,,0,0,13.070319280000001,80.20537292,113.3,"{'type': 'LineString', 'coordinates': [[80.2054704, 13.0698656], [80.2055965, 13.070354], [80.2053506, 13.0704193], [80.2053323, 13.070453], [80.2051148, 13.0705045]]}",468.99,1628.21,0,0,4,0.161,0
1532776826,way/1532776826,,pedestrian,,0,0,13.068501466666667,80.20477786666667,29.7,"{'type': 'LineString', 'coordinates': [[80.204621, 13.0685085], [80.2048396, 13.0684812], [80.204873, 13.0685147]]}",362.85,1702.57,0,0,5,0.161,0
